year,city,age_group,application
2023,Yamanashi,20-29,3973
2023,Yamanashi,30-39,1875
2023,Yamanashi,40-49,1941
2023,Yamanashi,50-59,2282
2023,Yamanashi,60-69,1841
2023,Yamanashi,70-79,1017
2023,Yamanashi,over_80,194
2023,Yamanashi,under_19,3751
2023,Yamaguchi,20-29,5147
2023,Yamaguchi,30-39,2503
2023,Yamaguchi,40-49,2775
2023,Yamaguchi,50-59,2915
2023,Yamaguchi,60-69,2306
2023,Yamaguchi,70-79,1368
2023,Yamaguchi,over_80,291
2023,Yamaguchi,under_19,4783
2023,Yamagata,20-29,2646
2023,Yamagata,30-39,1380
2023,Yamagata,40-49,1529
2023,Yamagata,50-59,1510
2023,Yamagata,60-69,1483
2023,Yamagata,70-79,822
2023,Yamagata,over_80,86
2023,Yamagata,under_19,2825
2023,Wakayama,20-29,4145
2023,Wakayama,30-39,2022
2023,Wakayama,40-49,2069
2023,Wakayama,50-59,2330
2023,Wakayama,60-69,1792
2023,Wakayama,70-79,912
2023,Wakayama,over_80,148
2023,Wakayama,under_19,3344
2023,Toyama,20-29,4273
2023,Toyama,30-39,2090
2023,Toyama,40-49,2186
2023,Toyama,50-59,2216
2023,Toyama,60-69,1636
2023,Toyama,70-79,971
2023,Toyama,over_80,179
2023,Toyama,under_19,3298
2023,Tottori,20-29,1670
2023,Tottori,30-39,846
2023,Tottori,40-49,984
2023,Tottori,50-59,995
2023,Tottori,60-69,853
2023,Tottori,70-79,422
2023,Tottori,over_80,84
2023,Tottori,under_19,2009
2023,Tokyo,20-29,173556
2023,Tokyo,30-39,117429
2023,Tokyo,40-49,102910
2023,Tokyo,50-59,83689
2023,Tokyo,60-69,41990
2023,Tokyo,70-79,21132
2023,Tokyo,over_80,5153
2023,Tokyo,under_19,162749
2023,Tokushima,20-29,2674
2023,Tokushima,30-39,1284
2023,Tokushima,40-49,1514
2023,Tokushima,50-59,1364
2023,Tokushima,60-69,1190
2023,Tokushima,70-79,619
2023,Tokushima,over_80,92
2023,Tokushima,under_19,2534
2023,Tochigi,20-29,7797
2023,Tochigi,30-39,4579
2023,Tochigi,40-49,4942
2023,Tochigi,50-59,4602
2023,Tochigi,60-69,3301
2023,Tochigi,70-79,1931
2023,Tochigi,over_80,309
2023,Tochigi,under_19,6949
2023,Shizuoka,20-29,17216
2023,Shizuoka,30-39,9885
2023,Shizuoka,40-49,10700
2023,Shizuoka,50-59,10328
2023,Shizuoka,60-69,7138
2023,Shizuoka,70-79,4383
2023,Shizuoka,over_80,826
2023,Shizuoka,under_19,17113
2023,Shimane,20-29,1800
2023,Shimane,30-39,851
2023,Shimane,40-49,903
2023,Shimane,50-59,962
2023,Shimane,60-69,903
2023,Shimane,70-79,452
2023,Shimane,over_80,100
2023,Shimane,under_19,1665
2023,Shiga,20-29,10118
2023,Shiga,30-39,4632
2023,Shiga,40-49,5279
2023,Shiga,50-59,4990
2023,Shiga,60-69,2969
2023,Shiga,70-79,1562
2023,Shiga,over_80,286
2023,Shiga,under_19,9065
2023,Saitama,20-29,50225
2023,Saitama,30-39,25830
2023,Saitama,40-49,26127
2023,Saitama,50-59,26328
2023,Saitama,60-69,15556
2023,Saitama,70-79,8719
2023,Saitama,over_80,1717
2023,Saitama,under_19,45318
2023,Saga,20-29,3804
2023,Saga,30-39,1860
2023,Saga,40-49,2031
2023,Saga,50-59,1881
2023,Saga,60-69,1767
2023,Saga,70-79,1043
2023,Saga,over_80,162
2023,Saga,under_19,3272
2023,Osaka,20-29,80352
2023,Osaka,30-39,40913
2023,Osaka,40-49,38125
2023,Osaka,50-59,37678
2023,Osaka,60-69,20292
2023,Osaka,70-79,10720
2023,Osaka,over_80,2256
2023,Osaka,under_19,66160
2023,Okinawa,20-29,8103
2023,Okinawa,30-39,5310
2023,Okinawa,40-49,5597
2023,Okinawa,50-59,4822
2023,Okinawa,60-69,3969
2023,Okinawa,70-79,2118
2023,Okinawa,over_80,511
2023,Okinawa,under_19,9862
2023,Okayama,20-29,8201
2023,Okayama,30-39,4050
2023,Okayama,40-49,4322
2023,Okayama,50-59,4135
2023,Okayama,60-69,3102
2023,Okayama,70-79,1706
2023,Okayama,over_80,327
2023,Okayama,under_19,8532
2023,Oita,20-29,4613
2023,Oita,30-39,2160
2023,Oita,40-49,2523
2023,Oita,50-59,2576
2023,Oita,60-69,2097
2023,Oita,70-79,1103
2023,Oita,over_80,219
2023,Oita,under_19,3610
2023,Niigata,20-29,5856
2023,Niigata,30-39,3177
2023,Niigata,40-49,3413
2023,Niigata,50-59,3544
2023,Niigata,60-69,2901
2023,Niigata,70-79,1605
2023,Niigata,over_80,262
2023,Niigata,under_19,5926
2023,Nara,20-29,8891
2023,Nara,30-39,3755
2023,Nara,40-49,4478
2023,Nara,50-59,5197
2023,Nara,60-69,3387
2023,Nara,70-79,2104
2023,Nara,over_80,474
2023,Nara,under_19,8248
2023,Nagasaki,20-29,4724
2023,Nagasaki,30-39,2356
2023,Nagasaki,40-49,2504
2023,Nagasaki,50-59,2691
2023,Nagasaki,60-69,2255
2023,Nagasaki,70-79,1310
2023,Nagasaki,over_80,276
2023,Nagasaki,under_19,5801
2023,Nagano,20-29,7604
2023,Nagano,30-39,4279
2023,Nagano,40-49,4672
2023,Nagano,50-59,4783
2023,Nagano,60-69,3736
2023,Nagano,70-79,2211
2023,Nagano,over_80,398
2023,Nagano,under_19,8128
2023,Miyazaki,20-29,2870
2023,Miyazaki,30-39,1605
2023,Miyazaki,40-49,1922
2023,Miyazaki,50-59,1843
2023,Miyazaki,60-69,1459
2023,Miyazaki,70-79,942
2023,Miyazaki,over_80,175
2023,Miyazaki,under_19,3078
2023,Miyagi,20-29,8748
2023,Miyagi,30-39,4613
2023,Miyagi,40-49,4834
2023,Miyagi,50-59,4578
2023,Miyagi,60-69,3636
2023,Miyagi,70-79,2007
2023,Miyagi,over_80,315
2023,Miyagi,under_19,7522
2023,Mie,20-29,9125
2023,Mie,30-39,4304
2023,Mie,40-49,4730
2023,Mie,50-59,4872
2023,Mie,60-69,3678
2023,Mie,70-79,1884
2023,Mie,over_80,281
2023,Mie,under_19,7963
2023,Kyoto,20-29,22974
2023,Kyoto,30-39,9488
2023,Kyoto,40-49,10368
2023,Kyoto,50-59,10093
2023,Kyoto,60-69,6204
2023,Kyoto,70-79,3464
2023,Kyoto,over_80,751
2023,Kyoto,under_19,20836
2023,Kumamoto,20-29,7636
2023,Kumamoto,30-39,4144
2023,Kumamoto,40-49,4516
2023,Kumamoto,50-59,4384
2023,Kumamoto,60-69,3888
2023,Kumamoto,70-79,2184
2023,Kumamoto,over_80,425
2023,Kumamoto,under_19,7178
2023,Kochi,20-29,1926
2023,Kochi,30-39,1029
2023,Kochi,40-49,1221
2023,Kochi,50-59,1301
2023,Kochi,60-69,1105
2023,Kochi,70-79,585
2023,Kochi,over_80,111
2023,Kochi,under_19,1933
2023,Kanagawa,20-29,86642
2023,Kanagawa,30-39,46654
2023,Kanagawa,40-49,47740
2023,Kanagawa,50-59,47850
2023,Kanagawa,60-69,25773
2023,Kanagawa,70-79,13826
2023,Kanagawa,over_80,3253
2023,Kanagawa,under_19,76904
2023,Kagoshima,20-29,4287
2023,Kagoshima,30-39,2427
2023,Kagoshima,40-49,2497
2023,Kagoshima,50-59,2380
2023,Kagoshima,60-69,2257
2023,Kagoshima,70-79,1326
2023,Kagoshima,over_80,236
2023,Kagoshima,under_19,4275
2023,Kagawa,20-29,3745
2023,Kagawa,30-39,1933
2023,Kagawa,40-49,2188
2023,Kagawa,50-59,2168
2023,Kagawa,60-69,1647
2023,Kagawa,70-79,972
2023,Kagawa,over_80,180
2023,Kagawa,under_19,3455
2023,Iwate,20-29,2291
2023,Iwate,30-39,1339
2023,Iwate,40-49,1374
2023,Iwate,50-59,1481
2023,Iwate,60-69,1285
2023,Iwate,70-79,725
2023,Iwate,over_80,112
2023,Iwate,under_19,2324
2023,Ishikawa,20-29,6171
2023,Ishikawa,30-39,2776
2023,Ishikawa,40-49,2876
2023,Ishikawa,50-59,2786
2023,Ishikawa,60-69,2175
2023,Ishikawa,70-79,1270
2023,Ishikawa,over_80,212
2023,Ishikawa,under_19,5068
2023,Ibaraki,20-29,12911
2023,Ibaraki,30-39,6835
2023,Ibaraki,40-49,7798
2023,Ibaraki,50-59,7641
2023,Ibaraki,60-69,5391
2023,Ibaraki,70-79,3273
2023,Ibaraki,over_80,587
2023,Ibaraki,under_19,14491
2023,Hyogo,20-29,40697
2023,Hyogo,30-39,19581
2023,Hyogo,40-49,21425
2023,Hyogo,50-59,23012
2023,Hyogo,60-69,14166
2023,Hyogo,70-79,7175
2023,Hyogo,over_80,1527
2023,Hyogo,under_19,37440
2023,Hokkaido,20-29,17448
2023,Hokkaido,30-39,9708
2023,Hokkaido,40-49,10410
2023,Hokkaido,50-59,10330
2023,Hokkaido,60-69,8491
2023,Hokkaido,70-79,4720
2023,Hokkaido,over_80,816
2023,Hokkaido,under_19,15743
2023,Hiroshima,20-29,13716
2023,Hiroshima,30-39,6998
2023,Hiroshima,40-49,7286
2023,Hiroshima,50-59,7187
2023,Hiroshima,60-69,4878
2023,Hiroshima,70-79,2858
2023,Hiroshima,over_80,584
2023,Hiroshima,under_19,12342
2023,Gunma,20-29,8143
2023,Gunma,30-39,4040
2023,Gunma,40-49,4330
2023,Gunma,50-59,4391
2023,Gunma,60-69,3044
2023,Gunma,70-79,1830
2023,Gunma,over_80,325
2023,Gunma,under_19,8073
2023,Gifu,20-29,10517
2023,Gifu,30-39,4559
2023,Gifu,40-49,5265
2023,Gifu,50-59,5645
2023,Gifu,60-69,4082
2023,Gifu,70-79,2183
2023,Gifu,over_80,371
2023,Gifu,under_19,8573
2023,Fukushima,20-29,4480
2023,Fukushima,30-39,2536
2023,Fukushima,40-49,2639
2023,Fukushima,50-59,2865
2023,Fukushima,60-69,2747
2023,Fukushima,70-79,1515
2023,Fukushima,over_80,234
2023,Fukushima,under_19,4311
2023,Fukuoka,20-29,38320
2023,Fukuoka,30-39,19991
2023,Fukuoka,40-49,20278
2023,Fukuoka,50-59,18507
2023,Fukuoka,60-69,12919
2023,Fukuoka,70-79,7268
2023,Fukuoka,over_80,1317
2023,Fukuoka,under_19,32400
2023,Fukui,20-29,3514
2023,Fukui,30-39,1714
2023,Fukui,40-49,1826
2023,Fukui,50-59,1904
2023,Fukui,60-69,1495
2023,Fukui,70-79,749
2023,Fukui,over_80,131
2023,Fukui,under_19,3291
2023,Ehime,20-29,4378
2023,Ehime,30-39,2359
2023,Ehime,40-49,2587
2023,Ehime,50-59,2686
2023,Ehime,60-69,2085
2023,Ehime,70-79,1210
2023,Ehime,over_80,209
2023,Ehime,under_19,4416
2023,Chiba,20-29,46833
2023,Chiba,30-39,24381
2023,Chiba,40-49,24782
2023,Chiba,50-59,24964
2023,Chiba,60-69,15226
2023,Chiba,70-79,8803
2023,Chiba,over_80,1828
2023,Chiba,under_19,42526
2023,Aomori,20-29,2049
2023,Aomori,30-39,1175
2023,Aomori,40-49,1288
2023,Aomori,50-59,1367
2023,Aomori,60-69,1175
2023,Aomori,70-79,589
2023,Aomori,over_80,120
2023,Aomori,under_19,2159
2023,Akita,20-29,1607
2023,Akita,30-39,830
2023,Akita,40-49,928
2023,Akita,50-59,1059
2023,Akita,60-69,1090
2023,Akita,70-79,496
2023,Akita,over_80,81
2023,Akita,under_19,1435
2023,Aichi,20-29,58577
2023,Aichi,30-39,30034
2023,Aichi,40-49,30087
2023,Aichi,50-59,29403
2023,Aichi,60-69,16442
2023,Aichi,70-79,8227
2023,Aichi,over_80,1495
2023,Aichi,under_19,49370
2022,Yamanashi,20-29,1202
2022,Yamanashi,30-39,692
2022,Yamanashi,40-49,728
2022,Yamanashi,50-59,748
2022,Yamanashi,60-69,602
2022,Yamanashi,70-79,374
2022,Yamanashi,over_80,52
2022,Yamanashi,under_19,1144
2022,Yamaguchi,20-29,1258
2022,Yamaguchi,30-39,774
2022,Yamaguchi,40-49,936
2022,Yamaguchi,50-59,916
2022,Yamaguchi,60-69,758
2022,Yamaguchi,70-79,438
2022,Yamaguchi,over_80,83
2022,Yamaguchi,under_19,1380
2022,Yamagata,20-29,690
2022,Yamagata,30-39,386
2022,Yamagata,40-49,450
2022,Yamagata,50-59,499
2022,Yamagata,60-69,473
2022,Yamagata,70-79,230
2022,Yamagata,over_80,38
2022,Yamagata,under_19,601
2022,Wakayama,20-29,1037
2022,Wakayama,30-39,565
2022,Wakayama,40-49,603
2022,Wakayama,50-59,616
2022,Wakayama,60-69,599
2022,Wakayama,70-79,304
2022,Wakayama,over_80,47
2022,Wakayama,under_19,830
2022,Toyama,20-29,1038
2022,Toyama,30-39,677
2022,Toyama,40-49,774
2022,Toyama,50-59,775
2022,Toyama,60-69,599
2022,Toyama,70-79,325
2022,Toyama,over_80,43
2022,Toyama,under_19,1010
2022,Tottori,20-29,387
2022,Tottori,30-39,200
2022,Tottori,40-49,277
2022,Tottori,50-59,283
2022,Tottori,60-69,243
2022,Tottori,70-79,149
2022,Tottori,over_80,19
2022,Tottori,under_19,501
2022,Tokyo,20-29,66529
2022,Tokyo,30-39,54433
2022,Tokyo,40-49,50729
2022,Tokyo,50-59,38975
2022,Tokyo,60-69,19815
2022,Tokyo,70-79,10307
2022,Tokyo,over_80,2386
2022,Tokyo,under_19,66284
2022,Tokushima,20-29,663
2022,Tokushima,30-39,418
2022,Tokushima,40-49,467
2022,Tokushima,50-59,412
2022,Tokushima,60-69,384
2022,Tokushima,70-79,173
2022,Tokushima,over_80,24
2022,Tokushima,under_19,542
2022,Tochigi,20-29,2249
2022,Tochigi,30-39,1715
2022,Tochigi,40-49,2102
2022,Tochigi,50-59,1752
2022,Tochigi,60-69,1244
2022,Tochigi,70-79,624
2022,Tochigi,over_80,105
2022,Tochigi,under_19,2537
2022,Shizuoka,20-29,4972
2022,Shizuoka,30-39,3534
2022,Shizuoka,40-49,4153
2022,Shizuoka,50-59,4019
2022,Shizuoka,60-69,2668
2022,Shizuoka,70-79,1599
2022,Shizuoka,over_80,330
2022,Shizuoka,under_19,5175
2022,Shimane,20-29,445
2022,Shimane,30-39,238
2022,Shimane,40-49,265
2022,Shimane,50-59,285
2022,Shimane,60-69,254
2022,Shimane,70-79,162
2022,Shimane,over_80,20
2022,Shimane,under_19,437
2022,Shiga,20-29,2878
2022,Shiga,30-39,1610
2022,Shiga,40-49,1922
2022,Shiga,50-59,1753
2022,Shiga,60-69,1063
2022,Shiga,70-79,546
2022,Shiga,over_80,86
2022,Shiga,under_19,2486
2022,Saitama,20-29,15711
2022,Saitama,30-39,9623
2022,Saitama,40-49,10396
2022,Saitama,50-59,9932
2022,Saitama,60-69,6313
2022,Saitama,70-79,3566
2022,Saitama,over_80,651
2022,Saitama,under_19,13878
2022,Saga,20-29,834
2022,Saga,30-39,443
2022,Saga,40-49,537
2022,Saga,50-59,479
2022,Saga,60-69,512
2022,Saga,70-79,253
2022,Saga,over_80,35
2022,Saga,under_19,923
2022,Osaka,20-29,24088
2022,Osaka,30-39,14456
2022,Osaka,40-49,14266
2022,Osaka,50-59,13690
2022,Osaka,60-69,8254
2022,Osaka,70-79,4585
2022,Osaka,over_80,901
2022,Osaka,under_19,19866
2022,Okinawa,20-29,2758
2022,Okinawa,30-39,1736
2022,Okinawa,40-49,1767
2022,Okinawa,50-59,1646
2022,Okinawa,60-69,1098
2022,Okinawa,70-79,632
2022,Okinawa,over_80,124
2022,Okinawa,under_19,3441
2022,Okayama,20-29,2141
2022,Okayama,30-39,1336
2022,Okayama,40-49,1524
2022,Okayama,50-59,1345
2022,Okayama,60-69,976
2022,Okayama,70-79,617
2022,Okayama,over_80,99
2022,Okayama,under_19,2021
2022,Oita,20-29,1193
2022,Oita,30-39,643
2022,Oita,40-49,687
2022,Oita,50-59,692
2022,Oita,60-69,566
2022,Oita,70-79,334
2022,Oita,over_80,58
2022,Oita,under_19,1107
2022,Niigata,20-29,1655
2022,Niigata,30-39,974
2022,Niigata,40-49,1123
2022,Niigata,50-59,1089
2022,Niigata,60-69,1016
2022,Niigata,70-79,504
2022,Niigata,over_80,78
2022,Niigata,under_19,1794
2022,Nara,20-29,2536
2022,Nara,30-39,1286
2022,Nara,40-49,1565
2022,Nara,50-59,1720
2022,Nara,60-69,1184
2022,Nara,70-79,755
2022,Nara,over_80,164
2022,Nara,under_19,2486
2022,Nagasaki,20-29,1177
2022,Nagasaki,30-39,718
2022,Nagasaki,40-49,879
2022,Nagasaki,50-59,813
2022,Nagasaki,60-69,745
2022,Nagasaki,70-79,464
2022,Nagasaki,over_80,99
2022,Nagasaki,under_19,1493
2022,Nagano,20-29,2055
2022,Nagano,30-39,1432
2022,Nagano,40-49,1774
2022,Nagano,50-59,1822
2022,Nagano,60-69,1327
2022,Nagano,70-79,827
2022,Nagano,over_80,134
2022,Nagano,under_19,2796
2022,Miyazaki,20-29,845
2022,Miyazaki,30-39,465
2022,Miyazaki,40-49,626
2022,Miyazaki,50-59,519
2022,Miyazaki,60-69,511
2022,Miyazaki,70-79,272
2022,Miyazaki,over_80,38
2022,Miyazaki,under_19,841
2022,Miyagi,20-29,2642
2022,Miyagi,30-39,1536
2022,Miyagi,40-49,1716
2022,Miyagi,50-59,1452
2022,Miyagi,60-69,1343
2022,Miyagi,70-79,679
2022,Miyagi,over_80,93
2022,Miyagi,under_19,2302
2022,Mie,20-29,2302
2022,Mie,30-39,1355
2022,Mie,40-49,1698
2022,Mie,50-59,1655
2022,Mie,60-69,1128
2022,Mie,70-79,654
2022,Mie,over_80,97
2022,Mie,under_19,2090
2022,Kyoto,20-29,7152
2022,Kyoto,30-39,3480
2022,Kyoto,40-49,3958
2022,Kyoto,50-59,3681
2022,Kyoto,60-69,2344
2022,Kyoto,70-79,1397
2022,Kyoto,over_80,320
2022,Kyoto,under_19,6238
2022,Kumamoto,20-29,1926
2022,Kumamoto,30-39,1245
2022,Kumamoto,40-49,1369
2022,Kumamoto,50-59,1224
2022,Kumamoto,60-69,1071
2022,Kumamoto,70-79,552
2022,Kumamoto,over_80,109
2022,Kumamoto,under_19,1809
2022,Kochi,20-29,521
2022,Kochi,30-39,303
2022,Kochi,40-49,437
2022,Kochi,50-59,432
2022,Kochi,60-69,369
2022,Kochi,70-79,192
2022,Kochi,over_80,45
2022,Kochi,under_19,508
2022,Kanagawa,20-29,30324
2022,Kanagawa,30-39,19367
2022,Kanagawa,40-49,21518
2022,Kanagawa,50-59,20682
2022,Kanagawa,60-69,11350
2022,Kanagawa,70-79,6405
2022,Kanagawa,over_80,1455
2022,Kanagawa,under_19,28754
2022,Kagoshima,20-29,1142
2022,Kagoshima,30-39,694
2022,Kagoshima,40-49,816
2022,Kagoshima,50-59,825
2022,Kagoshima,60-69,723
2022,Kagoshima,70-79,421
2022,Kagoshima,over_80,84
2022,Kagoshima,under_19,1369
2022,Kagawa,20-29,896
2022,Kagawa,30-39,633
2022,Kagawa,40-49,737
2022,Kagawa,50-59,624
2022,Kagawa,60-69,564
2022,Kagawa,70-79,327
2022,Kagawa,over_80,44
2022,Kagawa,under_19,830
2022,Iwate,20-29,647
2022,Iwate,30-39,454
2022,Iwate,40-49,506
2022,Iwate,50-59,500
2022,Iwate,60-69,473
2022,Iwate,70-79,231
2022,Iwate,over_80,36
2022,Iwate,under_19,812
2022,Ishikawa,20-29,1599
2022,Ishikawa,30-39,813
2022,Ishikawa,40-49,914
2022,Ishikawa,50-59,762
2022,Ishikawa,60-69,626
2022,Ishikawa,70-79,320
2022,Ishikawa,over_80,43
2022,Ishikawa,under_19,1320
2022,Ibaraki,20-29,4065
2022,Ibaraki,30-39,2680
2022,Ibaraki,40-49,2972
2022,Ibaraki,50-59,2811
2022,Ibaraki,60-69,1937
2022,Ibaraki,70-79,1109
2022,Ibaraki,over_80,191
2022,Ibaraki,under_19,4380
2022,Hyogo,20-29,11942
2022,Hyogo,30-39,7141
2022,Hyogo,40-49,8019
2022,Hyogo,50-59,8155
2022,Hyogo,60-69,5185
2022,Hyogo,70-79,2926
2022,Hyogo,over_80,551
2022,Hyogo,under_19,11890
2022,Hokkaido,20-29,5462
2022,Hokkaido,30-39,3298
2022,Hokkaido,40-49,3732
2022,Hokkaido,50-59,3641
2022,Hokkaido,60-69,3190
2022,Hokkaido,70-79,1814
2022,Hokkaido,over_80,290
2022,Hokkaido,under_19,5599
2022,Hiroshima,20-29,3604
2022,Hiroshima,30-39,2388
2022,Hiroshima,40-49,2680
2022,Hiroshima,50-59,2520
2022,Hiroshima,60-69,1893
2022,Hiroshima,70-79,1056
2022,Hiroshima,over_80,201
2022,Hiroshima,under_19,3380
2022,Gunma,20-29,2398
2022,Gunma,30-39,1331
2022,Gunma,40-49,1581
2022,Gunma,50-59,1511
2022,Gunma,60-69,1121
2022,Gunma,70-79,600
2022,Gunma,over_80,92
2022,Gunma,under_19,2236
2022,Gifu,20-29,2662
2022,Gifu,30-39,1515
2022,Gifu,40-49,1764
2022,Gifu,50-59,1762
2022,Gifu,60-69,1280
2022,Gifu,70-79,700
2022,Gifu,over_80,103
2022,Gifu,under_19,2526
2022,Fukushima,20-29,1202
2022,Fukushima,30-39,835
2022,Fukushima,40-49,932
2022,Fukushima,50-59,1030
2022,Fukushima,60-69,953
2022,Fukushima,70-79,505
2022,Fukushima,over_80,76
2022,Fukushima,under_19,1292
2022,Fukuoka,20-29,9578
2022,Fukuoka,30-39,5709
2022,Fukuoka,40-49,6132
2022,Fukuoka,50-59,5579
2022,Fukuoka,60-69,4348
2022,Fukuoka,70-79,2293
2022,Fukuoka,over_80,429
2022,Fukuoka,under_19,9025
2022,Fukui,20-29,893
2022,Fukui,30-39,476
2022,Fukui,40-49,602
2022,Fukui,50-59,550
2022,Fukui,60-69,434
2022,Fukui,70-79,216
2022,Fukui,over_80,44
2022,Fukui,under_19,815
2022,Ehime,20-29,1104
2022,Ehime,30-39,717
2022,Ehime,40-49,797
2022,Ehime,50-59,856
2022,Ehime,60-69,644
2022,Ehime,70-79,376
2022,Ehime,over_80,65
2022,Ehime,under_19,1005
2022,Chiba,20-29,15484
2022,Chiba,30-39,9657
2022,Chiba,40-49,10590
2022,Chiba,50-59,10341
2022,Chiba,60-69,6593
2022,Chiba,70-79,3989
2022,Chiba,over_80,809
2022,Chiba,under_19,15099
2022,Aomori,20-29,676
2022,Aomori,30-39,401
2022,Aomori,40-49,481
2022,Aomori,50-59,510
2022,Aomori,60-69,433
2022,Aomori,70-79,215
2022,Aomori,over_80,36
2022,Aomori,under_19,624
2022,Akita,20-29,637
2022,Akita,30-39,285
2022,Akita,40-49,290
2022,Akita,50-59,355
2022,Akita,60-69,326
2022,Akita,70-79,161
2022,Akita,over_80,33
2022,Akita,under_19,429
2022,Aichi,20-29,16396
2022,Aichi,30-39,10672
2022,Aichi,40-49,11113
2022,Aichi,50-59,10480
2022,Aichi,60-69,5881
2022,Aichi,70-79,2851
2022,Aichi,over_80,552
2022,Aichi,under_19,16377
2021,Yamanashi,20-29,364
2021,Yamanashi,30-39,237
2021,Yamanashi,40-49,272
2021,Yamanashi,50-59,276
2021,Yamanashi,60-69,264
2021,Yamanashi,70-79,126
2021,Yamanashi,over_80,22
2021,Yamanashi,under_19,342
2021,Yamaguchi,20-29,433
2021,Yamaguchi,30-39,321
2021,Yamaguchi,40-49,399
2021,Yamaguchi,50-59,394
2021,Yamaguchi,60-69,390
2021,Yamaguchi,70-79,265
2021,Yamaguchi,over_80,50
2021,Yamaguchi,under_19,456
2021,Yamagata,20-29,223
2021,Yamagata,30-39,186
2021,Yamagata,40-49,205
2021,Yamagata,50-59,226
2021,Yamagata,60-69,230
2021,Yamagata,70-79,100
2021,Yamagata,over_80,11
2021,Yamagata,under_19,236
2021,Wakayama,20-29,272
2021,Wakayama,30-39,214
2021,Wakayama,40-49,254
2021,Wakayama,50-59,289
2021,Wakayama,60-69,254
2021,Wakayama,70-79,143
2021,Wakayama,over_80,29
2021,Wakayama,under_19,237
2021,Toyama,20-29,373
2021,Toyama,30-39,315
2021,Toyama,40-49,328
2021,Toyama,50-59,312
2021,Toyama,60-69,267
2021,Toyama,70-79,126
2021,Toyama,over_80,20
2021,Toyama,under_19,401
2021,Tottori,20-29,143
2021,Tottori,30-39,125
2021,Tottori,40-49,153
2021,Tottori,50-59,139
2021,Tottori,60-69,146
2021,Tottori,70-79,81
2021,Tottori,over_80,12
2021,Tottori,under_19,136
2021,Tokyo,20-29,22784
2021,Tokyo,30-39,23478
2021,Tokyo,40-49,23732
2021,Tokyo,50-59,19487
2021,Tokyo,60-69,12359
2021,Tokyo,70-79,7549
2021,Tokyo,over_80,1493
2021,Tokyo,under_19,25075
2021,Tokushima,20-29,182
2021,Tokushima,30-39,161
2021,Tokushima,40-49,184
2021,Tokushima,50-59,197
2021,Tokushima,60-69,196
2021,Tokushima,70-79,116
2021,Tokushima,over_80,16
2021,Tokushima,under_19,194
2021,Tochigi,20-29,748
2021,Tochigi,30-39,690
2021,Tochigi,40-49,843
2021,Tochigi,50-59,758
2021,Tochigi,60-69,603
2021,Tochigi,70-79,300
2021,Tochigi,over_80,45
2021,Tochigi,under_19,962
2021,Shizuoka,20-29,1579
2021,Shizuoka,30-39,1598
2021,Shizuoka,40-49,1947
2021,Shizuoka,50-59,1956
2021,Shizuoka,60-69,1451
2021,Shizuoka,70-79,919
2021,Shizuoka,over_80,140
2021,Shizuoka,under_19,1912
2021,Shimane,20-29,137
2021,Shimane,30-39,114
2021,Shimane,40-49,126
2021,Shimane,50-59,120
2021,Shimane,60-69,141
2021,Shimane,70-79,58
2021,Shimane,over_80,8
2021,Shimane,under_19,150
2021,Shiga,20-29,794
2021,Shiga,30-39,679
2021,Shiga,40-49,858
2021,Shiga,50-59,768
2021,Shiga,60-69,590
2021,Shiga,70-79,342
2021,Shiga,over_80,46
2021,Shiga,under_19,783
2021,Saitama,20-29,4951
2021,Saitama,30-39,3996
2021,Saitama,40-49,4445
2021,Saitama,50-59,4418
2021,Saitama,60-69,3739
2021,Saitama,70-79,2289
2021,Saitama,over_80,375
2021,Saitama,under_19,4819
2021,Saga,20-29,218
2021,Saga,30-39,179
2021,Saga,40-49,171
2021,Saga,50-59,176
2021,Saga,60-69,197
2021,Saga,70-79,109
2021,Saga,over_80,19
2021,Saga,under_19,259
2021,Osaka,20-29,7396
2021,Osaka,30-39,5781
2021,Osaka,40-49,6336
2021,Osaka,50-59,6447
2021,Osaka,60-69,4994
2021,Osaka,70-79,3087
2021,Osaka,over_80,528
2021,Osaka,under_19,5981
2021,Okinawa,20-29,1164
2021,Okinawa,30-39,804
2021,Okinawa,40-49,865
2021,Okinawa,50-59,776
2021,Okinawa,60-69,676
2021,Okinawa,70-79,381
2021,Okinawa,over_80,77
2021,Okinawa,under_19,1668
2021,Okayama,20-29,660
2021,Okayama,30-39,557
2021,Okayama,40-49,616
2021,Okayama,50-59,624
2021,Okayama,60-69,545
2021,Okayama,70-79,328
2021,Okayama,over_80,61
2021,Okayama,under_19,592
2021,Oita,20-29,350
2021,Oita,30-39,250
2021,Oita,40-49,273
2021,Oita,50-59,320
2021,Oita,60-69,269
2021,Oita,70-79,179
2021,Oita,over_80,39
2021,Oita,under_19,318
2021,Niigata,20-29,532
2021,Niigata,30-39,420
2021,Niigata,40-49,480
2021,Niigata,50-59,503
2021,Niigata,60-69,471
2021,Niigata,70-79,263
2021,Niigata,over_80,39
2021,Niigata,under_19,459
2021,Nara,20-29,778
2021,Nara,30-39,507
2021,Nara,40-49,710
2021,Nara,50-59,734
2021,Nara,60-69,742
2021,Nara,70-79,477
2021,Nara,over_80,77
2021,Nara,under_19,646
2021,Nagasaki,20-29,455
2021,Nagasaki,30-39,315
2021,Nagasaki,40-49,369
2021,Nagasaki,50-59,365
2021,Nagasaki,60-69,351
2021,Nagasaki,70-79,244
2021,Nagasaki,over_80,45
2021,Nagasaki,under_19,444
2021,Nagano,20-29,733
2021,Nagano,30-39,629
2021,Nagano,40-49,875
2021,Nagano,50-59,808
2021,Nagano,60-69,689
2021,Nagano,70-79,450
2021,Nagano,over_80,92
2021,Nagano,under_19,878
2021,Miyazaki,20-29,243
2021,Miyazaki,30-39,205
2021,Miyazaki,40-49,269
2021,Miyazaki,50-59,246
2021,Miyazaki,60-69,236
2021,Miyazaki,70-79,130
2021,Miyazaki,over_80,29
2021,Miyazaki,under_19,366
2021,Miyagi,20-29,868
2021,Miyagi,30-39,698
2021,Miyagi,40-49,800
2021,Miyagi,50-59,755
2021,Miyagi,60-69,678
2021,Miyagi,70-79,390
2021,Miyagi,over_80,55
2021,Miyagi,under_19,809
2021,Mie,20-29,718
2021,Mie,30-39,683
2021,Mie,40-49,772
2021,Mie,50-59,814
2021,Mie,60-69,607
2021,Mie,70-79,327
2021,Mie,over_80,43
2021,Mie,under_19,804
2021,Kyoto,20-29,2279
2021,Kyoto,30-39,1535
2021,Kyoto,40-49,1806
2021,Kyoto,50-59,1689
2021,Kyoto,60-69,1344
2021,Kyoto,70-79,937
2021,Kyoto,over_80,136
2021,Kyoto,under_19,1978
2021,Kumamoto,20-29,646
2021,Kumamoto,30-39,547
2021,Kumamoto,40-49,705
2021,Kumamoto,50-59,543
2021,Kumamoto,60-69,518
2021,Kumamoto,70-79,296
2021,Kumamoto,over_80,40
2021,Kumamoto,under_19,648
2021,Kochi,20-29,186
2021,Kochi,30-39,149
2021,Kochi,40-49,203
2021,Kochi,50-59,185
2021,Kochi,60-69,179
2021,Kochi,70-79,99
2021,Kochi,over_80,26
2021,Kochi,under_19,192
2021,Kanagawa,20-29,10003
2021,Kanagawa,30-39,8325
2021,Kanagawa,40-49,9828
2021,Kanagawa,50-59,9731
2021,Kanagawa,60-69,6988
2021,Kanagawa,70-79,4430
2021,Kanagawa,over_80,800
2021,Kanagawa,under_19,10817
2021,Kagoshima,20-29,387
2021,Kagoshima,30-39,283
2021,Kagoshima,40-49,314
2021,Kagoshima,50-59,379
2021,Kagoshima,60-69,380
2021,Kagoshima,70-79,225
2021,Kagoshima,over_80,46
2021,Kagoshima,under_19,404
2021,Kagawa,20-29,295
2021,Kagawa,30-39,230
2021,Kagawa,40-49,354
2021,Kagawa,50-59,307
2021,Kagawa,60-69,308
2021,Kagawa,70-79,173
2021,Kagawa,over_80,31
2021,Kagawa,under_19,302
2021,Iwate,20-29,265
2021,Iwate,30-39,198
2021,Iwate,40-49,229
2021,Iwate,50-59,205
2021,Iwate,60-69,231
2021,Iwate,70-79,136
2021,Iwate,over_80,18
2021,Iwate,under_19,233
2021,Ishikawa,20-29,471
2021,Ishikawa,30-39,349
2021,Ishikawa,40-49,364
2021,Ishikawa,50-59,342
2021,Ishikawa,60-69,296
2021,Ishikawa,70-79,169
2021,Ishikawa,over_80,15
2021,Ishikawa,under_19,414
2021,Ibaraki,20-29,1346
2021,Ibaraki,30-39,1111
2021,Ibaraki,40-49,1206
2021,Ibaraki,50-59,1260
2021,Ibaraki,60-69,1078
2021,Ibaraki,70-79,604
2021,Ibaraki,over_80,82
2021,Ibaraki,under_19,1503
2021,Hyogo,20-29,3556
2021,Hyogo,30-39,3119
2021,Hyogo,40-49,3659
2021,Hyogo,50-59,3703
2021,Hyogo,60-69,3121
2021,Hyogo,70-79,1899
2021,Hyogo,over_80,328
2021,Hyogo,under_19,3426
2021,Hokkaido,20-29,1918
2021,Hokkaido,30-39,1313
2021,Hokkaido,40-49,1597
2021,Hokkaido,50-59,1597
2021,Hokkaido,60-69,1551
2021,Hokkaido,70-79,953
2021,Hokkaido,over_80,181
2021,Hokkaido,under_19,1729
2021,Hiroshima,20-29,1295
2021,Hiroshima,30-39,1144
2021,Hiroshima,40-49,1263
2021,Hiroshima,50-59,1308
2021,Hiroshima,60-69,1017
2021,Hiroshima,70-79,651
2021,Hiroshima,over_80,119
2021,Hiroshima,under_19,1205
2021,Gunma,20-29,770
2021,Gunma,30-39,539
2021,Gunma,40-49,740
2021,Gunma,50-59,701
2021,Gunma,60-69,542
2021,Gunma,70-79,293
2021,Gunma,over_80,61
2021,Gunma,under_19,981
2021,Gifu,20-29,739
2021,Gifu,30-39,583
2021,Gifu,40-49,680
2021,Gifu,50-59,704
2021,Gifu,60-69,639
2021,Gifu,70-79,426
2021,Gifu,over_80,43
2021,Gifu,under_19,789
2021,Fukushima,20-29,457
2021,Fukushima,30-39,338
2021,Fukushima,40-49,446
2021,Fukushima,50-59,490
2021,Fukushima,60-69,441
2021,Fukushima,70-79,205
2021,Fukushima,over_80,26
2021,Fukushima,under_19,461
2021,Fukuoka,20-29,2761
2021,Fukuoka,30-39,2142
2021,Fukuoka,40-49,2512
2021,Fukuoka,50-59,2400
2021,Fukuoka,60-69,2221
2021,Fukuoka,70-79,1341
2021,Fukuoka,over_80,233
2021,Fukuoka,under_19,2639
2021,Fukui,20-29,223
2021,Fukui,30-39,185
2021,Fukui,40-49,221
2021,Fukui,50-59,234
2021,Fukui,60-69,191
2021,Fukui,70-79,96
2021,Fukui,over_80,16
2021,Fukui,under_19,209
2021,Ehime,20-29,409
2021,Ehime,30-39,309
2021,Ehime,40-49,345
2021,Ehime,50-59,357
2021,Ehime,60-69,362
2021,Ehime,70-79,189
2021,Ehime,over_80,34
2021,Ehime,under_19,385
2021,Chiba,20-29,5006
2021,Chiba,30-39,4045
2021,Chiba,40-49,4752
2021,Chiba,50-59,4854
2021,Chiba,60-69,4212
2021,Chiba,70-79,2802
2021,Chiba,over_80,421
2021,Chiba,under_19,5162
2021,Aomori,20-29,234
2021,Aomori,30-39,211
2021,Aomori,40-49,188
2021,Aomori,50-59,223
2021,Aomori,60-69,239
2021,Aomori,70-79,119
2021,Aomori,over_80,19
2021,Aomori,under_19,286
2021,Akita,20-29,184
2021,Akita,30-39,117
2021,Akita,40-49,156
2021,Akita,50-59,162
2021,Akita,60-69,150
2021,Akita,70-79,72
2021,Akita,over_80,14
2021,Akita,under_19,179
2021,Aichi,20-29,4931
2021,Aichi,30-39,4709
2021,Aichi,40-49,5121
2021,Aichi,50-59,4810
2021,Aichi,60-69,3382
2021,Aichi,70-79,1834
2021,Aichi,over_80,274
2021,Aichi,under_19,6392
2020,Yamanashi,20-29,1168
2020,Yamanashi,30-39,656
2020,Yamanashi,40-49,713
2020,Yamanashi,50-59,790
2020,Yamanashi,60-69,754
2020,Yamanashi,70-79,390
2020,Yamanashi,over_80,68
2020,Yamanashi,under_19,1172
2020,Yamaguchi,20-29,1671
2020,Yamaguchi,30-39,974
2020,Yamaguchi,40-49,1121
2020,Yamaguchi,50-59,1064
2020,Yamaguchi,60-69,1165
2020,Yamaguchi,70-79,724
2020,Yamaguchi,over_80,117
2020,Yamaguchi,under_19,1597
2020,Yamagata,20-29,1020
2020,Yamagata,30-39,602
2020,Yamagata,40-49,566
2020,Yamagata,50-59,619
2020,Yamagata,60-69,644
2020,Yamagata,70-79,302
2020,Yamagata,over_80,41
2020,Yamagata,under_19,790
2020,Wakayama,20-29,1156
2020,Wakayama,30-39,688
2020,Wakayama,40-49,697
2020,Wakayama,50-59,874
2020,Wakayama,60-69,897
2020,Wakayama,70-79,424
2020,Wakayama,over_80,61
2020,Wakayama,under_19,1079
2020,Toyama,20-29,1512
2020,Toyama,30-39,815
2020,Toyama,40-49,881
2020,Toyama,50-59,886
2020,Toyama,60-69,878
2020,Toyama,70-79,477
2020,Toyama,over_80,67
2020,Toyama,under_19,995
2020,Tottori,20-29,535
2020,Tottori,30-39,337
2020,Tottori,40-49,384
2020,Tottori,50-59,378
2020,Tottori,60-69,425
2020,Tottori,70-79,218
2020,Tottori,over_80,27
2020,Tottori,under_19,481
2020,Tokyo,20-29,45329
2020,Tokyo,30-39,37319
2020,Tokyo,40-49,38743
2020,Tokyo,50-59,33694
2020,Tokyo,60-69,22146
2020,Tokyo,70-79,14393
2020,Tokyo,over_80,2840
2020,Tokyo,under_19,46426
2020,Tokushima,20-29,865
2020,Tokushima,30-39,491
2020,Tokushima,40-49,536
2020,Tokushima,50-59,486
2020,Tokushima,60-69,544
2020,Tokushima,70-79,313
2020,Tokushima,over_80,40
2020,Tokushima,under_19,671
2020,Tochigi,20-29,2537
2020,Tochigi,30-39,1618
2020,Tochigi,40-49,1889
2020,Tochigi,50-59,1762
2020,Tochigi,60-69,1559
2020,Tochigi,70-79,899
2020,Tochigi,over_80,112
2020,Tochigi,under_19,2548
2020,Shizuoka,20-29,5410
2020,Shizuoka,30-39,3736
2020,Shizuoka,40-49,4015
2020,Shizuoka,50-59,4077
2020,Shizuoka,60-69,3632
2020,Shizuoka,70-79,2202
2020,Shizuoka,over_80,346
2020,Shizuoka,under_19,5699
2020,Shimane,20-29,666
2020,Shimane,30-39,336
2020,Shimane,40-49,313
2020,Shimane,50-59,368
2020,Shimane,60-69,389
2020,Shimane,70-79,241
2020,Shimane,over_80,36
2020,Shimane,under_19,483
2020,Shiga,20-29,2833
2020,Shiga,30-39,1707
2020,Shiga,40-49,2000
2020,Shiga,50-59,1818
2020,Shiga,60-69,1555
2020,Shiga,70-79,831
2020,Shiga,over_80,108
2020,Shiga,under_19,3086
2020,Saitama,20-29,15216
2020,Saitama,30-39,8639
2020,Saitama,40-49,9808
2020,Saitama,50-59,9676
2020,Saitama,60-69,8234
2020,Saitama,70-79,5328
2020,Saitama,over_80,731
2020,Saitama,under_19,16342
2020,Saga,20-29,1043
2020,Saga,30-39,558
2020,Saga,40-49,585
2020,Saga,50-59,574
2020,Saga,60-69,578
2020,Saga,70-79,333
2020,Saga,over_80,58
2020,Saga,under_19,967
2020,Osaka,20-29,22196
2020,Osaka,30-39,13668
2020,Osaka,40-49,15827
2020,Osaka,50-59,14789
2020,Osaka,60-69,11150
2020,Osaka,70-79,7105
2020,Osaka,over_80,1095
2020,Osaka,under_19,25161
2020,Okinawa,20-29,2298
2020,Okinawa,30-39,1868
2020,Okinawa,40-49,2016
2020,Okinawa,50-59,1716
2020,Okinawa,60-69,1414
2020,Okinawa,70-79,656
2020,Okinawa,over_80,155
2020,Okinawa,under_19,2813
2020,Okayama,20-29,2989
2020,Okayama,30-39,1639
2020,Okayama,40-49,1761
2020,Okayama,50-59,1695
2020,Okayama,60-69,1613
2020,Okayama,70-79,854
2020,Okayama,over_80,114
2020,Okayama,under_19,3059
2020,Oita,20-29,1315
2020,Oita,30-39,690
2020,Oita,40-49,821
2020,Oita,50-59,794
2020,Oita,60-69,890
2020,Oita,70-79,466
2020,Oita,over_80,74
2020,Oita,under_19,1078
2020,Niigata,20-29,2295
2020,Niigata,30-39,1198
2020,Niigata,40-49,1336
2020,Niigata,50-59,1454
2020,Niigata,60-69,1507
2020,Niigata,70-79,716
2020,Niigata,over_80,89
2020,Niigata,under_19,2032
2020,Nara,20-29,2596
2020,Nara,30-39,1370
2020,Nara,40-49,1755
2020,Nara,50-59,1885
2020,Nara,60-69,1950
2020,Nara,70-79,1290
2020,Nara,over_80,167
2020,Nara,under_19,2714
2020,Nagasaki,20-29,1495
2020,Nagasaki,30-39,902
2020,Nagasaki,40-49,946
2020,Nagasaki,50-59,890
2020,Nagasaki,60-69,858
2020,Nagasaki,70-79,510
2020,Nagasaki,over_80,100
2020,Nagasaki,under_19,1286
2020,Nagano,20-29,2632
2020,Nagano,30-39,1612
2020,Nagano,40-49,1907
2020,Nagano,50-59,2008
2020,Nagano,60-69,1912
2020,Nagano,70-79,1147
2020,Nagano,over_80,170
2020,Nagano,under_19,3348
2020,Miyazaki,20-29,904
2020,Miyazaki,30-39,532
2020,Miyazaki,40-49,644
2020,Miyazaki,50-59,605
2020,Miyazaki,60-69,716
2020,Miyazaki,70-79,337
2020,Miyazaki,over_80,61
2020,Miyazaki,under_19,945
2020,Miyagi,20-29,3208
2020,Miyagi,30-39,1717
2020,Miyagi,40-49,1698
2020,Miyagi,50-59,1777
2020,Miyagi,60-69,1744
2020,Miyagi,70-79,898
2020,Miyagi,over_80,124
2020,Miyagi,under_19,2279
2020,Mie,20-29,2828
2020,Mie,30-39,1833
2020,Mie,40-49,2046
2020,Mie,50-59,2140
2020,Mie,60-69,1771
2020,Mie,70-79,935
2020,Mie,over_80,117
2020,Mie,under_19,3009
2020,Kyoto,20-29,6568
2020,Kyoto,30-39,3380
2020,Kyoto,40-49,4137
2020,Kyoto,50-59,3814
2020,Kyoto,60-69,3136
2020,Kyoto,70-79,2107
2020,Kyoto,over_80,325
2020,Kyoto,under_19,7493
2020,Kumamoto,20-29,2228
2020,Kumamoto,30-39,1309
2020,Kumamoto,40-49,1527
2020,Kumamoto,50-59,1368
2020,Kumamoto,60-69,1314
2020,Kumamoto,70-79,702
2020,Kumamoto,over_80,120
2020,Kumamoto,under_19,2012
2020,Kochi,20-29,671
2020,Kochi,30-39,425
2020,Kochi,40-49,413
2020,Kochi,50-59,496
2020,Kochi,60-69,477
2020,Kochi,70-79,275
2020,Kochi,over_80,45
2020,Kochi,under_19,626
2020,Kanagawa,20-29,24138
2020,Kanagawa,30-39,15725
2020,Kanagawa,40-49,19828
2020,Kanagawa,50-59,19742
2020,Kanagawa,60-69,13972
2020,Kanagawa,70-79,9326
2020,Kanagawa,over_80,1616
2020,Kanagawa,under_19,27837
2020,Kagoshima,20-29,1317
2020,Kagoshima,30-39,870
2020,Kagoshima,40-49,896
2020,Kagoshima,50-59,952
2020,Kagoshima,60-69,1072
2020,Kagoshima,70-79,534
2020,Kagoshima,over_80,98
2020,Kagoshima,under_19,1217
2020,Kagawa,20-29,1249
2020,Kagawa,30-39,729
2020,Kagawa,40-49,805
2020,Kagawa,50-59,838
2020,Kagawa,60-69,838
2020,Kagawa,70-79,486
2020,Kagawa,over_80,60
2020,Kagawa,under_19,1075
2020,Iwate,20-29,907
2020,Iwate,30-39,516
2020,Iwate,40-49,580
2020,Iwate,50-59,660
2020,Iwate,60-69,706
2020,Iwate,70-79,302
2020,Iwate,over_80,38
2020,Iwate,under_19,824
2020,Ishikawa,20-29,1895
2020,Ishikawa,30-39,957
2020,Ishikawa,40-49,1124
2020,Ishikawa,50-59,996
2020,Ishikawa,60-69,904
2020,Ishikawa,70-79,482
2020,Ishikawa,over_80,74
2020,Ishikawa,under_19,2102
2020,Ibaraki,20-29,4310
2020,Ibaraki,30-39,2515
2020,Ibaraki,40-49,2889
2020,Ibaraki,50-59,2859
2020,Ibaraki,60-69,2697
2020,Ibaraki,70-79,1554
2020,Ibaraki,over_80,187
2020,Ibaraki,under_19,4794
2020,Hyogo,20-29,11229
2020,Hyogo,30-39,6820
2020,Hyogo,40-49,8502
2020,Hyogo,50-59,8463
2020,Hyogo,60-69,7284
2020,Hyogo,70-79,4384
2020,Hyogo,over_80,681
2020,Hyogo,under_19,11714
2020,Hokkaido,20-29,6351
2020,Hokkaido,30-39,3650
2020,Hokkaido,40-49,4159
2020,Hokkaido,50-59,4292
2020,Hokkaido,60-69,3884
2020,Hokkaido,70-79,2111
2020,Hokkaido,over_80,367
2020,Hokkaido,under_19,5756
2020,Hiroshima,20-29,4479
2020,Hiroshima,30-39,2750
2020,Hiroshima,40-49,3007
2020,Hiroshima,50-59,2823
2020,Hiroshima,60-69,2626
2020,Hiroshima,70-79,1580
2020,Hiroshima,over_80,256
2020,Hiroshima,under_19,4498
2020,Gunma,20-29,2667
2020,Gunma,30-39,1335
2020,Gunma,40-49,1632
2020,Gunma,50-59,1628
2020,Gunma,60-69,1522
2020,Gunma,70-79,862
2020,Gunma,over_80,101
2020,Gunma,under_19,3315
2020,Gifu,20-29,3212
2020,Gifu,30-39,1750
2020,Gifu,40-49,2077
2020,Gifu,50-59,2158
2020,Gifu,60-69,1992
2020,Gifu,70-79,1043
2020,Gifu,over_80,140
2020,Gifu,under_19,3014
2020,Fukushima,20-29,1626
2020,Fukushima,30-39,924
2020,Fukushima,40-49,1010
2020,Fukushima,50-59,1191
2020,Fukushima,60-69,1252
2020,Fukushima,70-79,537
2020,Fukushima,over_80,84
2020,Fukushima,under_19,1654
2020,Fukuoka,20-29,9785
2020,Fukuoka,30-39,6086
2020,Fukuoka,40-49,6523
2020,Fukuoka,50-59,5969
2020,Fukuoka,60-69,5516
2020,Fukuoka,70-79,3096
2020,Fukuoka,over_80,543
2020,Fukuoka,under_19,9216
2020,Fukui,20-29,1123
2020,Fukui,30-39,624
2020,Fukui,40-49,645
2020,Fukui,50-59,724
2020,Fukui,60-69,628
2020,Fukui,70-79,357
2020,Fukui,over_80,38
2020,Fukui,under_19,997
2020,Ehime,20-29,1535
2020,Ehime,30-39,918
2020,Ehime,40-49,1035
2020,Ehime,50-59,973
2020,Ehime,60-69,999
2020,Ehime,70-79,502
2020,Ehime,over_80,89
2020,Ehime,under_19,1322
2020,Chiba,20-29,13318
2020,Chiba,30-39,8335
2020,Chiba,40-49,10487
2020,Chiba,50-59,10160
2020,Chiba,60-69,8911
2020,Chiba,70-79,6047
2020,Chiba,over_80,927
2020,Chiba,under_19,16065
2020,Aomori,20-29,909
2020,Aomori,30-39,530
2020,Aomori,40-49,602
2020,Aomori,50-59,681
2020,Aomori,60-69,648
2020,Aomori,70-79,340
2020,Aomori,over_80,45
2020,Aomori,under_19,825
2020,Akita,20-29,634
2020,Akita,30-39,318
2020,Akita,40-49,366
2020,Akita,50-59,395
2020,Akita,60-69,461
2020,Akita,70-79,214
2020,Akita,over_80,22
2020,Akita,under_19,413
2020,Aichi,20-29,16631
2020,Aichi,30-39,10742
2020,Aichi,40-49,12001
2020,Aichi,50-59,11451
2020,Aichi,60-69,8453
2020,Aichi,70-79,4499
2020,Aichi,over_80,667
2020,Aichi,under_19,17195
2019,Yamanashi,20-29,4867
2019,Yamanashi,30-39,2639
2019,Yamanashi,40-49,2807
2019,Yamanashi,50-59,2970
2019,Yamanashi,60-69,2868
2019,Yamanashi,70-79,1470
2019,Yamanashi,over_80,227
2019,Yamanashi,under_19,4915
2019,Yamaguchi,20-29,6286
2019,Yamaguchi,30-39,3719
2019,Yamaguchi,40-49,3969
2019,Yamaguchi,50-59,3885
2019,Yamaguchi,60-69,3724
2019,Yamaguchi,70-79,2059
2019,Yamaguchi,over_80,354
2019,Yamaguchi,under_19,6471
2019,Yamagata,20-29,4091
2019,Yamagata,30-39,2417
2019,Yamagata,40-49,2300
2019,Yamagata,50-59,2490
2019,Yamagata,60-69,2582
2019,Yamagata,70-79,1013
2019,Yamagata,over_80,129
2019,Yamagata,under_19,4594
2019,Wakayama,20-29,5204
2019,Wakayama,30-39,3099
2019,Wakayama,40-49,3313
2019,Wakayama,50-59,3371
2019,Wakayama,60-69,3013
2019,Wakayama,70-79,1478
2019,Wakayama,over_80,219
2019,Wakayama,under_19,5304
2019,Toyama,20-29,5848
2019,Toyama,30-39,3393
2019,Toyama,40-49,3639
2019,Toyama,50-59,3273
2019,Toyama,60-69,3206
2019,Toyama,70-79,1713
2019,Toyama,over_80,250
2019,Toyama,under_19,5452
2019,Tottori,20-29,2535
2019,Tottori,30-39,1550
2019,Tottori,40-49,1559
2019,Tottori,50-59,1445
2019,Tottori,60-69,1552
2019,Tottori,70-79,676
2019,Tottori,over_80,88
2019,Tottori,under_19,2693
2019,Tokyo,20-29,148430
2019,Tokyo,30-39,122510
2019,Tokyo,40-49,120235
2019,Tokyo,50-59,96790
2019,Tokyo,60-69,60725
2019,Tokyo,70-79,38010
2019,Tokyo,over_80,8315
2019,Tokyo,under_19,169672
2019,Tokushima,20-29,3583
2019,Tokushima,30-39,2053
2019,Tokushima,40-49,2238
2019,Tokushima,50-59,2173
2019,Tokushima,60-69,2114
2019,Tokushima,70-79,999
2019,Tokushima,over_80,149
2019,Tokushima,under_19,3103
2019,Tochigi,20-29,10334
2019,Tochigi,30-39,6719
2019,Tochigi,40-49,6762
2019,Tochigi,50-59,5970
2019,Tochigi,60-69,5731
2019,Tochigi,70-79,2762
2019,Tochigi,over_80,346
2019,Tochigi,under_19,10418
2019,Shizuoka,20-29,21063
2019,Shizuoka,30-39,13992
2019,Shizuoka,40-49,14584
2019,Shizuoka,50-59,13535
2019,Shizuoka,60-69,12467
2019,Shizuoka,70-79,6973
2019,Shizuoka,over_80,1086
2019,Shizuoka,under_19,27153
2019,Shimane,20-29,2717
2019,Shimane,30-39,1426
2019,Shimane,40-49,1338
2019,Shimane,50-59,1447
2019,Shimane,60-69,1526
2019,Shimane,70-79,668
2019,Shimane,over_80,88
2019,Shimane,under_19,2274
2019,Shiga,20-29,11194
2019,Shiga,30-39,6477
2019,Shiga,40-49,7369
2019,Shiga,50-59,6291
2019,Shiga,60-69,5054
2019,Shiga,70-79,2725
2019,Shiga,over_80,342
2019,Shiga,under_19,14276
2019,Saitama,20-29,54608
2019,Saitama,30-39,33084
2019,Saitama,40-49,35751
2019,Saitama,50-59,31758
2019,Saitama,60-69,25044
2019,Saitama,70-79,14471
2019,Saitama,over_80,2078
2019,Saitama,under_19,60186
2019,Saga,20-29,4478
2019,Saga,30-39,2723
2019,Saga,40-49,2848
2019,Saga,50-59,2622
2019,Saga,60-69,2671
2019,Saga,70-79,1234
2019,Saga,over_80,181
2019,Saga,under_19,4645
2019,Osaka,20-29,78602
2019,Osaka,30-39,49926
2019,Osaka,40-49,55193
2019,Osaka,50-59,45254
2019,Osaka,60-69,31785
2019,Osaka,70-79,19434
2019,Osaka,over_80,3401
2019,Osaka,under_19,90413
2019,Okinawa,20-29,9268
2019,Okinawa,30-39,7117
2019,Okinawa,40-49,7632
2019,Okinawa,50-59,6627
2019,Okinawa,60-69,5770
2019,Okinawa,70-79,2536
2019,Okinawa,over_80,617
2019,Okinawa,under_19,12874
2019,Okayama,20-29,11725
2019,Okayama,30-39,6624
2019,Okayama,40-49,6900
2019,Okayama,50-59,5781
2019,Okayama,60-69,5264
2019,Okayama,70-79,2789
2019,Okayama,over_80,457
2019,Okayama,under_19,11211
2019,Oita,20-29,5511
2019,Oita,30-39,3310
2019,Oita,40-49,3527
2019,Oita,50-59,3184
2019,Oita,60-69,3125
2019,Oita,70-79,1606
2019,Oita,over_80,257
2019,Oita,under_19,6131
2019,Niigata,20-29,9394
2019,Niigata,30-39,5487
2019,Niigata,40-49,5379
2019,Niigata,50-59,5429
2019,Niigata,60-69,5510
2019,Niigata,70-79,2478
2019,Niigata,over_80,344
2019,Niigata,under_19,11362
2019,Nara,20-29,9727
2019,Nara,30-39,5581
2019,Nara,40-49,6707
2019,Nara,50-59,6690
2019,Nara,60-69,5935
2019,Nara,70-79,3720
2019,Nara,over_80,582
2019,Nara,under_19,11350
2019,Nagasaki,20-29,5886
2019,Nagasaki,30-39,3313
2019,Nagasaki,40-49,3602
2019,Nagasaki,50-59,3627
2019,Nagasaki,60-69,3517
2019,Nagasaki,70-79,1759
2019,Nagasaki,over_80,365
2019,Nagasaki,under_19,7508
2019,Nagano,20-29,9667
2019,Nagano,30-39,6214
2019,Nagano,40-49,6847
2019,Nagano,50-59,6813
2019,Nagano,60-69,6529
2019,Nagano,70-79,3687
2019,Nagano,over_80,562
2019,Nagano,under_19,12478
2019,Miyazaki,20-29,3874
2019,Miyazaki,30-39,2583
2019,Miyazaki,40-49,2621
2019,Miyazaki,50-59,2689
2019,Miyazaki,60-69,2638
2019,Miyazaki,70-79,1271
2019,Miyazaki,over_80,241
2019,Miyazaki,under_19,4716
2019,Miyagi,20-29,11875
2019,Miyagi,30-39,7352
2019,Miyagi,40-49,7067
2019,Miyagi,50-59,6459
2019,Miyagi,60-69,5849
2019,Miyagi,70-79,2637
2019,Miyagi,over_80,427
2019,Miyagi,under_19,11004
2019,Mie,20-29,11397
2019,Mie,30-39,6948
2019,Mie,40-49,7601
2019,Mie,50-59,7180
2019,Mie,60-69,6087
2019,Mie,70-79,3094
2019,Mie,over_80,433
2019,Mie,under_19,11205
2019,Kyoto,20-29,23312
2019,Kyoto,30-39,12958
2019,Kyoto,40-49,14691
2019,Kyoto,50-59,12539
2019,Kyoto,60-69,9744
2019,Kyoto,70-79,6086
2019,Kyoto,over_80,997
2019,Kyoto,under_19,26384
2019,Kumamoto,20-29,9174
2019,Kumamoto,30-39,5788
2019,Kumamoto,40-49,5749
2019,Kumamoto,50-59,5440
2019,Kumamoto,60-69,5481
2019,Kumamoto,70-79,2565
2019,Kumamoto,over_80,416
2019,Kumamoto,under_19,10779
2019,Kochi,20-29,2539
2019,Kochi,30-39,1492
2019,Kochi,40-49,1773
2019,Kochi,50-59,1697
2019,Kochi,60-69,1753
2019,Kochi,70-79,922
2019,Kochi,over_80,136
2019,Kochi,under_19,2668
2019,Kanagawa,20-29,80170
2019,Kanagawa,30-39,53675
2019,Kanagawa,40-49,62458
2019,Kanagawa,50-59,56526
2019,Kanagawa,60-69,39102
2019,Kanagawa,70-79,25463
2019,Kanagawa,over_80,4737
2019,Kanagawa,under_19,93293
2019,Kagoshima,20-29,6102
2019,Kagoshima,30-39,3862
2019,Kagoshima,40-49,3716
2019,Kagoshima,50-59,3613
2019,Kagoshima,60-69,4038
2019,Kagoshima,70-79,1789
2019,Kagoshima,over_80,345
2019,Kagoshima,under_19,6207
2019,Kagawa,20-29,4940
2019,Kagawa,30-39,3132
2019,Kagawa,40-49,3474
2019,Kagawa,50-59,3022
2019,Kagawa,60-69,2846
2019,Kagawa,70-79,1516
2019,Kagawa,over_80,256
2019,Kagawa,under_19,5192
2019,Iwate,20-29,3797
2019,Iwate,30-39,2382
2019,Iwate,40-49,2447
2019,Iwate,50-59,2544
2019,Iwate,60-69,2793
2019,Iwate,70-79,1304
2019,Iwate,over_80,190
2019,Iwate,under_19,3848
2019,Ishikawa,20-29,7869
2019,Ishikawa,30-39,4404
2019,Ishikawa,40-49,4519
2019,Ishikawa,50-59,4099
2019,Ishikawa,60-69,3643
2019,Ishikawa,70-79,1861
2019,Ishikawa,over_80,268
2019,Ishikawa,under_19,7585
2019,Ibaraki,20-29,15872
2019,Ibaraki,30-39,9731
2019,Ibaraki,40-49,10623
2019,Ibaraki,50-59,9577
2019,Ibaraki,60-69,9118
2019,Ibaraki,70-79,4564
2019,Ibaraki,over_80,616
2019,Ibaraki,under_19,18170
2019,Hyogo,20-29,42439
2019,Hyogo,30-39,26509
2019,Hyogo,40-49,30625
2019,Hyogo,50-59,28049
2019,Hyogo,60-69,21990
2019,Hyogo,70-79,12666
2019,Hyogo,over_80,2222
2019,Hyogo,under_19,52032
2019,Hokkaido,20-29,25240
2019,Hokkaido,30-39,16005
2019,Hokkaido,40-49,16848
2019,Hokkaido,50-59,16120
2019,Hokkaido,60-69,14216
2019,Hokkaido,70-79,6793
2019,Hokkaido,over_80,1254
2019,Hokkaido,under_19,23137
2019,Hiroshima,20-29,17089
2019,Hiroshima,30-39,10251
2019,Hiroshima,40-49,10863
2019,Hiroshima,50-59,9387
2019,Hiroshima,60-69,8196
2019,Hiroshima,70-79,4733
2019,Hiroshima,over_80,722
2019,Hiroshima,under_19,19251
2019,Gunma,20-29,10708
2019,Gunma,30-39,5788
2019,Gunma,40-49,6423
2019,Gunma,50-59,5999
2019,Gunma,60-69,5286
2019,Gunma,70-79,2692
2019,Gunma,over_80,385
2019,Gunma,under_19,11970
2019,Gifu,20-29,13018
2019,Gifu,30-39,7351
2019,Gifu,40-49,8330
2019,Gifu,50-59,8006
2019,Gifu,60-69,7236
2019,Gifu,70-79,3472
2019,Gifu,over_80,544
2019,Gifu,under_19,12855
2019,Fukushima,20-29,6895
2019,Fukushima,30-39,4182
2019,Fukushima,40-49,4146
2019,Fukushima,50-59,4466
2019,Fukushima,60-69,4769
2019,Fukushima,70-79,2019
2019,Fukushima,over_80,345
2019,Fukushima,under_19,7492
2019,Fukuoka,20-29,39067
2019,Fukuoka,30-39,25244
2019,Fukuoka,40-49,26263
2019,Fukuoka,50-59,22075
2019,Fukuoka,60-69,18821
2019,Fukuoka,70-79,9838
2019,Fukuoka,over_80,1720
2019,Fukuoka,under_19,45827
2019,Fukui,20-29,4566
2019,Fukui,30-39,2791
2019,Fukui,40-49,2679
2019,Fukui,50-59,2708
2019,Fukui,60-69,2406
2019,Fukui,70-79,1106
2019,Fukui,over_80,193
2019,Fukui,under_19,4381
2019,Ehime,20-29,6193
2019,Ehime,30-39,3699
2019,Ehime,40-49,3946
2019,Ehime,50-59,3928
2019,Ehime,60-69,3522
2019,Ehime,70-79,1829
2019,Ehime,over_80,283
2019,Ehime,under_19,6247
2019,Chiba,20-29,47044
2019,Chiba,30-39,30194
2019,Chiba,40-49,34972
2019,Chiba,50-59,30741
2019,Chiba,60-69,25372
2019,Chiba,70-79,16152
2019,Chiba,over_80,2618
2019,Chiba,under_19,55303
2019,Aomori,20-29,3467
2019,Aomori,30-39,2219
2019,Aomori,40-49,2263
2019,Aomori,50-59,2321
2019,Aomori,60-69,2503
2019,Aomori,70-79,987
2019,Aomori,over_80,178
2019,Aomori,under_19,3380
2019,Akita,20-29,2570
2019,Akita,30-39,1590
2019,Akita,40-49,1554
2019,Akita,50-59,1868
2019,Akita,60-69,2051
2019,Akita,70-79,835
2019,Akita,over_80,112
2019,Akita,under_19,2440
2019,Aichi,20-29,63360
2019,Aichi,30-39,40320
2019,Aichi,40-49,42824
2019,Aichi,50-59,36927
2019,Aichi,60-69,27149
2019,Aichi,70-79,14967
2019,Aichi,over_80,2301
2019,Aichi,under_19,67526
2018,Yamanashi,20-29,4850
2018,Yamanashi,30-39,2637
2018,Yamanashi,40-49,2757
2018,Yamanashi,50-59,2890
2018,Yamanashi,60-69,2727
2018,Yamanashi,70-79,1276
2018,Yamanashi,over_80,200
2018,Yamanashi,under_19,4685
2018,Yamaguchi,20-29,6249
2018,Yamaguchi,30-39,3632
2018,Yamaguchi,40-49,3861
2018,Yamaguchi,50-59,3535
2018,Yamaguchi,60-69,3748
2018,Yamaguchi,70-79,1899
2018,Yamaguchi,over_80,334
2018,Yamaguchi,under_19,5907
2018,Yamagata,20-29,3952
2018,Yamagata,30-39,2474
2018,Yamagata,40-49,2210
2018,Yamagata,50-59,2533
2018,Yamagata,60-69,2548
2018,Yamagata,70-79,960
2018,Yamagata,over_80,126
2018,Yamagata,under_19,4263
2018,Wakayama,20-29,5040
2018,Wakayama,30-39,3026
2018,Wakayama,40-49,3141
2018,Wakayama,50-59,3089
2018,Wakayama,60-69,2810
2018,Wakayama,70-79,1161
2018,Wakayama,over_80,202
2018,Wakayama,under_19,5262
2018,Toyama,20-29,5694
2018,Toyama,30-39,3332
2018,Toyama,40-49,3532
2018,Toyama,50-59,3281
2018,Toyama,60-69,3142
2018,Toyama,70-79,1506
2018,Toyama,over_80,250
2018,Toyama,under_19,5146
2018,Tottori,20-29,2395
2018,Tottori,30-39,1462
2018,Tottori,40-49,1499
2018,Tottori,50-59,1468
2018,Tottori,60-69,1517
2018,Tottori,70-79,570
2018,Tottori,over_80,110
2018,Tottori,under_19,2668
2018,Tokyo,20-29,146458
2018,Tokyo,30-39,121836
2018,Tokyo,40-49,116761
2018,Tokyo,50-59,91132
2018,Tokyo,60-69,60180
2018,Tokyo,70-79,35263
2018,Tokyo,over_80,7782
2018,Tokyo,under_19,156784
2018,Tokushima,20-29,3502
2018,Tokushima,30-39,2078
2018,Tokushima,40-49,2002
2018,Tokushima,50-59,2052
2018,Tokushima,60-69,1939
2018,Tokushima,70-79,820
2018,Tokushima,over_80,149
2018,Tokushima,under_19,3018
2018,Tochigi,20-29,10240
2018,Tochigi,30-39,6952
2018,Tochigi,40-49,6793
2018,Tochigi,50-59,6055
2018,Tochigi,60-69,5654
2018,Tochigi,70-79,2325
2018,Tochigi,over_80,393
2018,Tochigi,under_19,9671
2018,Shizuoka,20-29,20672
2018,Shizuoka,30-39,13949
2018,Shizuoka,40-49,14180
2018,Shizuoka,50-59,13008
2018,Shizuoka,60-69,12088
2018,Shizuoka,70-79,5871
2018,Shizuoka,over_80,1018
2018,Shizuoka,under_19,26312
2018,Shimane,20-29,2547
2018,Shimane,30-39,1382
2018,Shimane,40-49,1344
2018,Shimane,50-59,1326
2018,Shimane,60-69,1524
2018,Shimane,70-79,594
2018,Shimane,over_80,103
2018,Shimane,under_19,2299
2018,Shiga,20-29,11030
2018,Shiga,30-39,6370
2018,Shiga,40-49,7138
2018,Shiga,50-59,5949
2018,Shiga,60-69,4738
2018,Shiga,70-79,2123
2018,Shiga,over_80,298
2018,Shiga,under_19,13269
2018,Saitama,20-29,53809
2018,Saitama,30-39,33193
2018,Saitama,40-49,35459
2018,Saitama,50-59,29858
2018,Saitama,60-69,24618
2018,Saitama,70-79,13037
2018,Saitama,over_80,1924
2018,Saitama,under_19,55866
2018,Saga,20-29,4593
2018,Saga,30-39,2804
2018,Saga,40-49,2658
2018,Saga,50-59,2572
2018,Saga,60-69,2509
2018,Saga,70-79,1029
2018,Saga,over_80,197
2018,Saga,under_19,4311
2018,Osaka,20-29,75581
2018,Osaka,30-39,47567
2018,Osaka,40-49,51599
2018,Osaka,50-59,40599
2018,Osaka,60-69,29875
2018,Osaka,70-79,16785
2018,Osaka,over_80,3167
2018,Osaka,under_19,84945
2018,Okinawa,20-29,9049
2018,Okinawa,30-39,6894
2018,Okinawa,40-49,7346
2018,Okinawa,50-59,6393
2018,Okinawa,60-69,5337
2018,Okinawa,70-79,2152
2018,Okinawa,over_80,490
2018,Okinawa,under_19,11873
2018,Okayama,20-29,11104
2018,Okayama,30-39,6255
2018,Okayama,40-49,6203
2018,Okayama,50-59,5553
2018,Okayama,60-69,5118
2018,Okayama,70-79,2513
2018,Okayama,over_80,480
2018,Okayama,under_19,10186
2018,Oita,20-29,5424
2018,Oita,30-39,3176
2018,Oita,40-49,3415
2018,Oita,50-59,3146
2018,Oita,60-69,3130
2018,Oita,70-79,1384
2018,Oita,over_80,231
2018,Oita,under_19,5566
2018,Niigata,20-29,9337
2018,Niigata,30-39,5520
2018,Niigata,40-49,5230
2018,Niigata,50-59,5110
2018,Niigata,60-69,5443
2018,Niigata,70-79,2115
2018,Niigata,over_80,325
2018,Niigata,under_19,11393
2018,Nara,20-29,9800
2018,Nara,30-39,5406
2018,Nara,40-49,6390
2018,Nara,50-59,6115
2018,Nara,60-69,5753
2018,Nara,70-79,3235
2018,Nara,over_80,530
2018,Nara,under_19,10781
2018,Nagasaki,20-29,5810
2018,Nagasaki,30-39,3545
2018,Nagasaki,40-49,3572
2018,Nagasaki,50-59,3548
2018,Nagasaki,60-69,3427
2018,Nagasaki,70-79,1580
2018,Nagasaki,over_80,321
2018,Nagasaki,under_19,7324
2018,Nagano,20-29,9731
2018,Nagano,30-39,6538
2018,Nagano,40-49,6865
2018,Nagano,50-59,6579
2018,Nagano,60-69,6493
2018,Nagano,70-79,3394
2018,Nagano,over_80,530
2018,Nagano,under_19,11167
2018,Miyazaki,20-29,3668
2018,Miyazaki,30-39,2430
2018,Miyazaki,40-49,2541
2018,Miyazaki,50-59,2684
2018,Miyazaki,60-69,2721
2018,Miyazaki,70-79,1078
2018,Miyazaki,over_80,232
2018,Miyazaki,under_19,4442
2018,Miyagi,20-29,12049
2018,Miyagi,30-39,7366
2018,Miyagi,40-49,6899
2018,Miyagi,50-59,6076
2018,Miyagi,60-69,5676
2018,Miyagi,70-79,2323
2018,Miyagi,over_80,384
2018,Miyagi,under_19,10505
2018,Mie,20-29,11357
2018,Mie,30-39,6829
2018,Mie,40-49,7704
2018,Mie,50-59,6727
2018,Mie,60-69,5957
2018,Mie,70-79,2718
2018,Mie,over_80,385
2018,Mie,under_19,10433
2018,Kyoto,20-29,22889
2018,Kyoto,30-39,12323
2018,Kyoto,40-49,13708
2018,Kyoto,50-59,11319
2018,Kyoto,60-69,9315
2018,Kyoto,70-79,5300
2018,Kyoto,over_80,949
2018,Kyoto,under_19,25120
2018,Kumamoto,20-29,9379
2018,Kumamoto,30-39,5912
2018,Kumamoto,40-49,5991
2018,Kumamoto,50-59,5723
2018,Kumamoto,60-69,5339
2018,Kumamoto,70-79,2313
2018,Kumamoto,over_80,483
2018,Kumamoto,under_19,10144
2018,Kochi,20-29,2453
2018,Kochi,30-39,1583
2018,Kochi,40-49,1754
2018,Kochi,50-59,1636
2018,Kochi,60-69,1700
2018,Kochi,70-79,773
2018,Kochi,over_80,138
2018,Kochi,under_19,2478
2018,Kanagawa,20-29,78860
2018,Kanagawa,30-39,54241
2018,Kanagawa,40-49,61831
2018,Kanagawa,50-59,52935
2018,Kanagawa,60-69,38238
2018,Kanagawa,70-79,22733
2018,Kanagawa,over_80,4433
2018,Kanagawa,under_19,88631
2018,Kagoshima,20-29,6016
2018,Kagoshima,30-39,3860
2018,Kagoshima,40-49,3623
2018,Kagoshima,50-59,3773
2018,Kagoshima,60-69,3695
2018,Kagoshima,70-79,1515
2018,Kagoshima,over_80,320
2018,Kagoshima,under_19,5624
2018,Kagawa,20-29,4797
2018,Kagawa,30-39,3211
2018,Kagawa,40-49,3336
2018,Kagawa,50-59,2948
2018,Kagawa,60-69,2874
2018,Kagawa,70-79,1309
2018,Kagawa,over_80,264
2018,Kagawa,under_19,4684
2018,Iwate,20-29,3590
2018,Iwate,30-39,2352
2018,Iwate,40-49,2309
2018,Iwate,50-59,2379
2018,Iwate,60-69,2405
2018,Iwate,70-79,923
2018,Iwate,over_80,164
2018,Iwate,under_19,3578
2018,Ishikawa,20-29,7461
2018,Ishikawa,30-39,4256
2018,Ishikawa,40-49,4256
2018,Ishikawa,50-59,3729
2018,Ishikawa,60-69,3532
2018,Ishikawa,70-79,1670
2018,Ishikawa,over_80,288
2018,Ishikawa,under_19,7092
2018,Ibaraki,20-29,15929
2018,Ibaraki,30-39,9885
2018,Ibaraki,40-49,10500
2018,Ibaraki,50-59,9571
2018,Ibaraki,60-69,9160
2018,Ibaraki,70-79,4205
2018,Ibaraki,over_80,579
2018,Ibaraki,under_19,17556
2018,Hyogo,20-29,41109
2018,Hyogo,30-39,25296
2018,Hyogo,40-49,29200
2018,Hyogo,50-59,26129
2018,Hyogo,60-69,21298
2018,Hyogo,70-79,11234
2018,Hyogo,over_80,2093
2018,Hyogo,under_19,48522
2018,Hokkaido,20-29,23672
2018,Hokkaido,30-39,15583
2018,Hokkaido,40-49,15981
2018,Hokkaido,50-59,15032
2018,Hokkaido,60-69,13804
2018,Hokkaido,70-79,5732
2018,Hokkaido,over_80,1158
2018,Hokkaido,under_19,20831
2018,Hiroshima,20-29,16426
2018,Hiroshima,30-39,9763
2018,Hiroshima,40-49,10194
2018,Hiroshima,50-59,8860
2018,Hiroshima,60-69,8232
2018,Hiroshima,70-79,4171
2018,Hiroshima,over_80,683
2018,Hiroshima,under_19,17868
2018,Gunma,20-29,10554
2018,Gunma,30-39,5875
2018,Gunma,40-49,6346
2018,Gunma,50-59,5826
2018,Gunma,60-69,5425
2018,Gunma,70-79,2456
2018,Gunma,over_80,360
2018,Gunma,under_19,11196
2018,Gifu,20-29,12949
2018,Gifu,30-39,7303
2018,Gifu,40-49,7992
2018,Gifu,50-59,7802
2018,Gifu,60-69,6970
2018,Gifu,70-79,3165
2018,Gifu,over_80,484
2018,Gifu,under_19,12156
2018,Fukushima,20-29,6877
2018,Fukushima,30-39,4339
2018,Fukushima,40-49,4208
2018,Fukushima,50-59,4627
2018,Fukushima,60-69,4661
2018,Fukushima,70-79,1815
2018,Fukushima,over_80,325
2018,Fukushima,under_19,7595
2018,Fukuoka,20-29,38420
2018,Fukuoka,30-39,25087
2018,Fukuoka,40-49,25492
2018,Fukuoka,50-59,20441
2018,Fukuoka,60-69,17913
2018,Fukuoka,70-79,8254
2018,Fukuoka,over_80,1618
2018,Fukuoka,under_19,42745
2018,Fukui,20-29,4691
2018,Fukui,30-39,2751
2018,Fukui,40-49,2748
2018,Fukui,50-59,2669
2018,Fukui,60-69,2394
2018,Fukui,70-79,1003
2018,Fukui,over_80,180
2018,Fukui,under_19,4152
2018,Ehime,20-29,5736
2018,Ehime,30-39,3406
2018,Ehime,40-49,3444
2018,Ehime,50-59,3431
2018,Ehime,60-69,3263
2018,Ehime,70-79,1440
2018,Ehime,over_80,233
2018,Ehime,under_19,5501
2018,Chiba,20-29,45941
2018,Chiba,30-39,30208
2018,Chiba,40-49,34020
2018,Chiba,50-59,29430
2018,Chiba,60-69,25823
2018,Chiba,70-79,14946
2018,Chiba,over_80,2407
2018,Chiba,under_19,51757
2018,Aomori,20-29,3328
2018,Aomori,30-39,2249
2018,Aomori,40-49,2271
2018,Aomori,50-59,2304
2018,Aomori,60-69,2224
2018,Aomori,70-79,816
2018,Aomori,over_80,169
2018,Aomori,under_19,3204
2018,Akita,20-29,2429
2018,Akita,30-39,1607
2018,Akita,40-49,1454
2018,Akita,50-59,1710
2018,Akita,60-69,1905
2018,Akita,70-79,647
2018,Akita,over_80,111
2018,Akita,under_19,2372
2018,Aichi,20-29,60966
2018,Aichi,30-39,39389
2018,Aichi,40-49,41471
2018,Aichi,50-59,34835
2018,Aichi,60-69,26291
2018,Aichi,70-79,13107
2018,Aichi,over_80,2110
2018,Aichi,under_19,62084
2017,Yamanashi,20-29,4656
2017,Yamanashi,30-39,2655
2017,Yamanashi,40-49,2692
2017,Yamanashi,50-59,2800
2017,Yamanashi,60-69,2858
2017,Yamanashi,70-79,1158
2017,Yamanashi,over_80,204
2017,Yamanashi,under_19,4380
2017,Yamaguchi,20-29,5686
2017,Yamaguchi,30-39,3444
2017,Yamaguchi,40-49,3579
2017,Yamaguchi,50-59,3337
2017,Yamaguchi,60-69,3539
2017,Yamaguchi,70-79,1558
2017,Yamaguchi,over_80,308
2017,Yamaguchi,under_19,4983
2017,Yamagata,20-29,3697
2017,Yamagata,30-39,2342
2017,Yamagata,40-49,2120
2017,Yamagata,50-59,2346
2017,Yamagata,60-69,2389
2017,Yamagata,70-79,742
2017,Yamagata,over_80,141
2017,Yamagata,under_19,4027
2017,Wakayama,20-29,4819
2017,Wakayama,30-39,2798
2017,Wakayama,40-49,2912
2017,Wakayama,50-59,2916
2017,Wakayama,60-69,2706
2017,Wakayama,70-79,1017
2017,Wakayama,over_80,215
2017,Wakayama,under_19,4641
2017,Toyama,20-29,5585
2017,Toyama,30-39,3650
2017,Toyama,40-49,3578
2017,Toyama,50-59,3202
2017,Toyama,60-69,3247
2017,Toyama,70-79,1286
2017,Toyama,over_80,260
2017,Toyama,under_19,4906
2017,Tottori,20-29,2122
2017,Tottori,30-39,1453
2017,Tottori,40-49,1364
2017,Tottori,50-59,1277
2017,Tottori,60-69,1388
2017,Tottori,70-79,532
2017,Tottori,over_80,87
2017,Tottori,under_19,2099
2017,Tokyo,20-29,140795
2017,Tokyo,30-39,121841
2017,Tokyo,40-49,111824
2017,Tokyo,50-59,83769
2017,Tokyo,60-69,59003
2017,Tokyo,70-79,31167
2017,Tokyo,over_80,7262
2017,Tokyo,under_19,150429
2017,Tokushima,20-29,3168
2017,Tokushima,30-39,2059
2017,Tokushima,40-49,2027
2017,Tokushima,50-59,1861
2017,Tokushima,60-69,1930
2017,Tokushima,70-79,686
2017,Tokushima,over_80,131
2017,Tokushima,under_19,2721
2017,Tochigi,20-29,9619
2017,Tochigi,30-39,7148
2017,Tochigi,40-49,6607
2017,Tochigi,50-59,5757
2017,Tochigi,60-69,5514
2017,Tochigi,70-79,2012
2017,Tochigi,over_80,333
2017,Tochigi,under_19,9028
2017,Shizuoka,20-29,19828
2017,Shizuoka,30-39,14264
2017,Shizuoka,40-49,14018
2017,Shizuoka,50-59,12429
2017,Shizuoka,60-69,12316
2017,Shizuoka,70-79,5301
2017,Shizuoka,over_80,934
2017,Shizuoka,under_19,25172
2017,Shimane,20-29,2279
2017,Shimane,30-39,1453
2017,Shimane,40-49,1233
2017,Shimane,50-59,1302
2017,Shimane,60-69,1400
2017,Shimane,70-79,552
2017,Shimane,over_80,117
2017,Shimane,under_19,1980
2017,Shiga,20-29,10185
2017,Shiga,30-39,6266
2017,Shiga,40-49,6512
2017,Shiga,50-59,5347
2017,Shiga,60-69,4609
2017,Shiga,70-79,1878
2017,Shiga,over_80,235
2017,Shiga,under_19,11444
2017,Saitama,20-29,51492
2017,Saitama,30-39,33114
2017,Saitama,40-49,33914
2017,Saitama,50-59,28280
2017,Saitama,60-69,24800
2017,Saitama,70-79,11226
2017,Saitama,over_80,1706
2017,Saitama,under_19,54667
2017,Saga,20-29,4010
2017,Saga,30-39,2400
2017,Saga,40-49,2282
2017,Saga,50-59,2192
2017,Saga,60-69,2169
2017,Saga,70-79,773
2017,Saga,over_80,158
2017,Saga,under_19,3782
2017,Osaka,20-29,69220
2017,Osaka,30-39,46274
2017,Osaka,40-49,48539
2017,Osaka,50-59,37045
2017,Osaka,60-69,30501
2017,Osaka,70-79,15123
2017,Osaka,over_80,2818
2017,Osaka,under_19,78808
2017,Okinawa,20-29,8334
2017,Okinawa,30-39,6952
2017,Okinawa,40-49,6710
2017,Okinawa,50-59,5771
2017,Okinawa,60-69,5077
2017,Okinawa,70-79,1716
2017,Okinawa,over_80,458
2017,Okinawa,under_19,12151
2017,Okayama,20-29,10371
2017,Okayama,30-39,6218
2017,Okayama,40-49,5952
2017,Okayama,50-59,5204
2017,Okayama,60-69,5102
2017,Okayama,70-79,2227
2017,Okayama,over_80,424
2017,Okayama,under_19,9353
2017,Oita,20-29,4751
2017,Oita,30-39,2854
2017,Oita,40-49,2775
2017,Oita,50-59,2725
2017,Oita,60-69,2715
2017,Oita,70-79,1082
2017,Oita,over_80,233
2017,Oita,under_19,5058
2017,Niigata,20-29,8848
2017,Niigata,30-39,5526
2017,Niigata,40-49,4895
2017,Niigata,50-59,4910
2017,Niigata,60-69,5285
2017,Niigata,70-79,1897
2017,Niigata,over_80,302
2017,Niigata,under_19,10724
2017,Nara,20-29,9469
2017,Nara,30-39,5595
2017,Nara,40-49,6133
2017,Nara,50-59,5637
2017,Nara,60-69,5749
2017,Nara,70-79,2913
2017,Nara,over_80,505
2017,Nara,under_19,9987
2017,Nagasaki,20-29,5317
2017,Nagasaki,30-39,3335
2017,Nagasaki,40-49,3076
2017,Nagasaki,50-59,3086
2017,Nagasaki,60-69,3098
2017,Nagasaki,70-79,1265
2017,Nagasaki,over_80,327
2017,Nagasaki,under_19,6695
2017,Nagano,20-29,9474
2017,Nagano,30-39,6581
2017,Nagano,40-49,6444
2017,Nagano,50-59,6191
2017,Nagano,60-69,6523
2017,Nagano,70-79,2888
2017,Nagano,over_80,438
2017,Nagano,under_19,10308
2017,Miyazaki,20-29,3319
2017,Miyazaki,30-39,2352
2017,Miyazaki,40-49,2129
2017,Miyazaki,50-59,2194
2017,Miyazaki,60-69,2555
2017,Miyazaki,70-79,888
2017,Miyazaki,over_80,213
2017,Miyazaki,under_19,4114
2017,Miyagi,20-29,11465
2017,Miyagi,30-39,7201
2017,Miyagi,40-49,6557
2017,Miyagi,50-59,5841
2017,Miyagi,60-69,5865
2017,Miyagi,70-79,2018
2017,Miyagi,over_80,396
2017,Miyagi,under_19,9510
2017,Mie,20-29,10961
2017,Mie,30-39,6734
2017,Mie,40-49,7113
2017,Mie,50-59,6209
2017,Mie,60-69,6009
2017,Mie,70-79,2288
2017,Mie,over_80,375
2017,Mie,under_19,9663
2017,Kyoto,20-29,21710
2017,Kyoto,30-39,12277
2017,Kyoto,40-49,12942
2017,Kyoto,50-59,10220
2017,Kyoto,60-69,9158
2017,Kyoto,70-79,4607
2017,Kyoto,over_80,852
2017,Kyoto,under_19,23858
2017,Kumamoto,20-29,8754
2017,Kumamoto,30-39,5860
2017,Kumamoto,40-49,5333
2017,Kumamoto,50-59,5271
2017,Kumamoto,60-69,5168
2017,Kumamoto,70-79,1954
2017,Kumamoto,over_80,434
2017,Kumamoto,under_19,9297
2017,Kochi,20-29,2189
2017,Kochi,30-39,1497
2017,Kochi,40-49,1574
2017,Kochi,50-59,1530
2017,Kochi,60-69,1539
2017,Kochi,70-79,639
2017,Kochi,over_80,131
2017,Kochi,under_19,2038
2017,Kanagawa,20-29,76354
2017,Kanagawa,30-39,54853
2017,Kanagawa,40-49,60067
2017,Kanagawa,50-59,49476
2017,Kanagawa,60-69,39023
2017,Kanagawa,70-79,20002
2017,Kanagawa,over_80,3789
2017,Kanagawa,under_19,85936
2017,Kagoshima,20-29,5325
2017,Kagoshima,30-39,3803
2017,Kagoshima,40-49,3206
2017,Kagoshima,50-59,3329
2017,Kagoshima,60-69,3581
2017,Kagoshima,70-79,1288
2017,Kagoshima,over_80,302
2017,Kagoshima,under_19,4918
2017,Kagawa,20-29,4368
2017,Kagawa,30-39,2854
2017,Kagawa,40-49,2978
2017,Kagawa,50-59,2583
2017,Kagawa,60-69,2678
2017,Kagawa,70-79,1096
2017,Kagawa,over_80,222
2017,Kagawa,under_19,4025
2017,Iwate,20-29,3369
2017,Iwate,30-39,2270
2017,Iwate,40-49,2226
2017,Iwate,50-59,2266
2017,Iwate,60-69,2270
2017,Iwate,70-79,797
2017,Iwate,over_80,160
2017,Iwate,under_19,3257
2017,Ishikawa,20-29,7179
2017,Ishikawa,30-39,4284
2017,Ishikawa,40-49,4086
2017,Ishikawa,50-59,3635
2017,Ishikawa,60-69,3604
2017,Ishikawa,70-79,1385
2017,Ishikawa,over_80,290
2017,Ishikawa,under_19,6693
2017,Ibaraki,20-29,15084
2017,Ibaraki,30-39,9755
2017,Ibaraki,40-49,9828
2017,Ibaraki,50-59,8849
2017,Ibaraki,60-69,8688
2017,Ibaraki,70-79,3551
2017,Ibaraki,over_80,518
2017,Ibaraki,under_19,16887
2017,Hyogo,20-29,38757
2017,Hyogo,30-39,24873
2017,Hyogo,40-49,27614
2017,Hyogo,50-59,23921
2017,Hyogo,60-69,21339
2017,Hyogo,70-79,9937
2017,Hyogo,over_80,2022
2017,Hyogo,under_19,44501
2017,Hokkaido,20-29,22945
2017,Hokkaido,30-39,15466
2017,Hokkaido,40-49,14864
2017,Hokkaido,50-59,14250
2017,Hokkaido,60-69,13891
2017,Hokkaido,70-79,5394
2017,Hokkaido,over_80,1061
2017,Hokkaido,under_19,19295
2017,Hiroshima,20-29,14964
2017,Hiroshima,30-39,9364
2017,Hiroshima,40-49,9377
2017,Hiroshima,50-59,7947
2017,Hiroshima,60-69,7904
2017,Hiroshima,70-79,3599
2017,Hiroshima,over_80,650
2017,Hiroshima,under_19,16298
2017,Gunma,20-29,9853
2017,Gunma,30-39,5964
2017,Gunma,40-49,6000
2017,Gunma,50-59,5388
2017,Gunma,60-69,5440
2017,Gunma,70-79,2062
2017,Gunma,over_80,306
2017,Gunma,under_19,10626
2017,Gifu,20-29,12420
2017,Gifu,30-39,7435
2017,Gifu,40-49,7618
2017,Gifu,50-59,7224
2017,Gifu,60-69,6620
2017,Gifu,70-79,2578
2017,Gifu,over_80,453
2017,Gifu,under_19,11593
2017,Fukushima,20-29,6766
2017,Fukushima,30-39,4489
2017,Fukushima,40-49,4238
2017,Fukushima,50-59,4558
2017,Fukushima,60-69,4617
2017,Fukushima,70-79,1524
2017,Fukushima,over_80,284
2017,Fukushima,under_19,7394
2017,Fukuoka,20-29,34701
2017,Fukuoka,30-39,22268
2017,Fukuoka,40-49,21500
2017,Fukuoka,50-59,17368
2017,Fukuoka,60-69,16003
2017,Fukuoka,70-79,6785
2017,Fukuoka,over_80,1392
2017,Fukuoka,under_19,37119
2017,Fukui,20-29,4442
2017,Fukui,30-39,2733
2017,Fukui,40-49,2521
2017,Fukui,50-59,2432
2017,Fukui,60-69,2302
2017,Fukui,70-79,882
2017,Fukui,over_80,167
2017,Fukui,under_19,4037
2017,Ehime,20-29,5140
2017,Ehime,30-39,3315
2017,Ehime,40-49,3202
2017,Ehime,50-59,3189
2017,Ehime,60-69,3191
2017,Ehime,70-79,1252
2017,Ehime,over_80,234
2017,Ehime,under_19,4702
2017,Chiba,20-29,44349
2017,Chiba,30-39,30384
2017,Chiba,40-49,33135
2017,Chiba,50-59,27395
2017,Chiba,60-69,26109
2017,Chiba,70-79,13297
2017,Chiba,over_80,2133
2017,Chiba,under_19,49121
2017,Aomori,20-29,3186
2017,Aomori,30-39,2139
2017,Aomori,40-49,1979
2017,Aomori,50-59,2159
2017,Aomori,60-69,2130
2017,Aomori,70-79,753
2017,Aomori,over_80,141
2017,Aomori,under_19,2909
2017,Akita,20-29,2358
2017,Akita,30-39,1485
2017,Akita,40-49,1404
2017,Akita,50-59,1658
2017,Akita,60-69,1741
2017,Akita,70-79,606
2017,Akita,over_80,108
2017,Akita,under_19,2256
2017,Aichi,20-29,57044
2017,Aichi,30-39,38747
2017,Aichi,40-49,39682
2017,Aichi,50-59,31654
2017,Aichi,60-69,25974
2017,Aichi,70-79,11410
2017,Aichi,over_80,1924
2017,Aichi,under_19,57377
2016,Yamanashi,20-29,4423
2016,Yamanashi,30-39,2786
2016,Yamanashi,40-49,2571
2016,Yamanashi,50-59,2517
2016,Yamanashi,60-69,2598
2016,Yamanashi,70-79,891
2016,Yamanashi,over_80,158
2016,Yamanashi,under_19,4178
2016,Yamaguchi,20-29,5393
2016,Yamaguchi,30-39,3361
2016,Yamaguchi,40-49,3433
2016,Yamaguchi,50-59,3289
2016,Yamaguchi,60-69,3446
2016,Yamaguchi,70-79,1438
2016,Yamaguchi,over_80,327
2016,Yamaguchi,under_19,5233
2016,Yamagata,20-29,3656
2016,Yamagata,30-39,2429
2016,Yamagata,40-49,2007
2016,Yamagata,50-59,2302
2016,Yamagata,60-69,2213
2016,Yamagata,70-79,639
2016,Yamagata,over_80,99
2016,Yamagata,under_19,4143
2016,Wakayama,20-29,4572
2016,Wakayama,30-39,2876
2016,Wakayama,40-49,2705
2016,Wakayama,50-59,2880
2016,Wakayama,60-69,2502
2016,Wakayama,70-79,875
2016,Wakayama,over_80,176
2016,Wakayama,under_19,4370
2016,Toyama,20-29,5091
2016,Toyama,30-39,3356
2016,Toyama,40-49,3202
2016,Toyama,50-59,2896
2016,Toyama,60-69,3108
2016,Toyama,70-79,1148
2016,Toyama,over_80,203
2016,Toyama,under_19,4549
2016,Tottori,20-29,2086
2016,Tottori,30-39,1427
2016,Tottori,40-49,1292
2016,Tottori,50-59,1326
2016,Tottori,60-69,1351
2016,Tottori,70-79,465
2016,Tottori,over_80,95
2016,Tottori,under_19,2306
2016,Tokyo,20-29,134108
2016,Tokyo,30-39,119123
2016,Tokyo,40-49,103225
2016,Tokyo,50-59,73668
2016,Tokyo,60-69,56435
2016,Tokyo,70-79,27255
2016,Tokyo,over_80,6490
2016,Tokyo,under_19,142777
2016,Tokushima,20-29,3080
2016,Tokushima,30-39,1938
2016,Tokushima,40-49,1708
2016,Tokushima,50-59,1651
2016,Tokushima,60-69,1756
2016,Tokushima,70-79,565
2016,Tokushima,over_80,110
2016,Tokushima,under_19,2380
2016,Tochigi,20-29,9505
2016,Tochigi,30-39,7135
2016,Tochigi,40-49,6380
2016,Tochigi,50-59,5647
2016,Tochigi,60-69,5326
2016,Tochigi,70-79,1780
2016,Tochigi,over_80,277
2016,Tochigi,under_19,8995
2016,Shizuoka,20-29,18923
2016,Shizuoka,30-39,13890
2016,Shizuoka,40-49,12843
2016,Shizuoka,50-59,11389
2016,Shizuoka,60-69,11713
2016,Shizuoka,70-79,4525
2016,Shizuoka,over_80,820
2016,Shizuoka,under_19,22942
2016,Shimane,20-29,2215
2016,Shimane,30-39,1331
2016,Shimane,40-49,1139
2016,Shimane,50-59,1255
2016,Shimane,60-69,1351
2016,Shimane,70-79,411
2016,Shimane,over_80,63
2016,Shimane,under_19,2017
2016,Shiga,20-29,9974
2016,Shiga,30-39,6335
2016,Shiga,40-49,6025
2016,Shiga,50-59,5048
2016,Shiga,60-69,4399
2016,Shiga,70-79,1650
2016,Shiga,over_80,232
2016,Shiga,under_19,10948
2016,Saitama,20-29,49097
2016,Saitama,30-39,32590
2016,Saitama,40-49,31575
2016,Saitama,50-59,25734
2016,Saitama,60-69,24230
2016,Saitama,70-79,10177
2016,Saitama,over_80,1503
2016,Saitama,under_19,52166
2016,Saga,20-29,3812
2016,Saga,30-39,2412
2016,Saga,40-49,2077
2016,Saga,50-59,2052
2016,Saga,60-69,2094
2016,Saga,70-79,668
2016,Saga,over_80,138
2016,Saga,under_19,3327
2016,Osaka,20-29,65866
2016,Osaka,30-39,45173
2016,Osaka,40-49,44588
2016,Osaka,50-59,33702
2016,Osaka,60-69,29533
2016,Osaka,70-79,13302
2016,Osaka,over_80,2486
2016,Osaka,under_19,73074
2016,Okinawa,20-29,7602
2016,Okinawa,30-39,6179
2016,Okinawa,40-49,5921
2016,Okinawa,50-59,5038
2016,Okinawa,60-69,4203
2016,Okinawa,70-79,1518
2016,Okinawa,over_80,373
2016,Okinawa,under_19,8956
2016,Okayama,20-29,9653
2016,Okayama,30-39,6166
2016,Okayama,40-49,5490
2016,Okayama,50-59,4848
2016,Okayama,60-69,4606
2016,Okayama,70-79,1974
2016,Okayama,over_80,368
2016,Okayama,under_19,8830
2016,Oita,20-29,4393
2016,Oita,30-39,2856
2016,Oita,40-49,2641
2016,Oita,50-59,2469
2016,Oita,60-69,2504
2016,Oita,70-79,947
2016,Oita,over_80,209
2016,Oita,under_19,4547
2016,Niigata,20-29,8683
2016,Niigata,30-39,5543
2016,Niigata,40-49,4809
2016,Niigata,50-59,4660
2016,Niigata,60-69,4878
2016,Niigata,70-79,1563
2016,Niigata,over_80,313
2016,Niigata,under_19,9980
2016,Nara,20-29,9250
2016,Nara,30-39,5582
2016,Nara,40-49,5911
2016,Nara,50-59,5239
2016,Nara,60-69,5553
2016,Nara,70-79,2511
2016,Nara,over_80,417
2016,Nara,under_19,9583
2016,Nagasaki,20-29,5218
2016,Nagasaki,30-39,3381
2016,Nagasaki,40-49,2945
2016,Nagasaki,50-59,3036
2016,Nagasaki,60-69,3122
2016,Nagasaki,70-79,1146
2016,Nagasaki,over_80,310
2016,Nagasaki,under_19,6643
2016,Nagano,20-29,8713
2016,Nagano,30-39,6318
2016,Nagano,40-49,6059
2016,Nagano,50-59,5714
2016,Nagano,60-69,6047
2016,Nagano,70-79,2463
2016,Nagano,over_80,415
2016,Nagano,under_19,9648
2016,Miyazaki,20-29,3251
2016,Miyazaki,30-39,2316
2016,Miyazaki,40-49,2010
2016,Miyazaki,50-59,2254
2016,Miyazaki,60-69,2319
2016,Miyazaki,70-79,857
2016,Miyazaki,over_80,191
2016,Miyazaki,under_19,3518
2016,Miyagi,20-29,11042
2016,Miyagi,30-39,7120
2016,Miyagi,40-49,6012
2016,Miyagi,50-59,5483
2016,Miyagi,60-69,5348
2016,Miyagi,70-79,1897
2016,Miyagi,over_80,348
2016,Miyagi,under_19,8532
2016,Mie,20-29,10434
2016,Mie,30-39,6932
2016,Mie,40-49,6522
2016,Mie,50-59,6035
2016,Mie,60-69,5375
2016,Mie,70-79,1928
2016,Mie,over_80,356
2016,Mie,under_19,9186
2016,Kyoto,20-29,20816
2016,Kyoto,30-39,12080
2016,Kyoto,40-49,11561
2016,Kyoto,50-59,9305
2016,Kyoto,60-69,8755
2016,Kyoto,70-79,3960
2016,Kyoto,over_80,761
2016,Kyoto,under_19,22951
2016,Kumamoto,20-29,7295
2016,Kumamoto,30-39,5079
2016,Kumamoto,40-49,4222
2016,Kumamoto,50-59,4292
2016,Kumamoto,60-69,4391
2016,Kumamoto,70-79,1672
2016,Kumamoto,over_80,383
2016,Kumamoto,under_19,7786
2016,Kochi,20-29,2188
2016,Kochi,30-39,1572
2016,Kochi,40-49,1433
2016,Kochi,50-59,1391
2016,Kochi,60-69,1518
2016,Kochi,70-79,567
2016,Kochi,over_80,122
2016,Kochi,under_19,1895
2016,Kanagawa,20-29,73024
2016,Kanagawa,30-39,54609
2016,Kanagawa,40-49,56439
2016,Kanagawa,50-59,44368
2016,Kanagawa,60-69,37986
2016,Kanagawa,70-79,18175
2016,Kanagawa,over_80,3611
2016,Kanagawa,under_19,81959
2016,Kagoshima,20-29,5240
2016,Kagoshima,30-39,3581
2016,Kagoshima,40-49,2895
2016,Kagoshima,50-59,3080
2016,Kagoshima,60-69,3111
2016,Kagoshima,70-79,1044
2016,Kagoshima,over_80,241
2016,Kagoshima,under_19,4697
2016,Kagawa,20-29,4198
2016,Kagawa,30-39,2951
2016,Kagawa,40-49,2677
2016,Kagawa,50-59,2481
2016,Kagawa,60-69,2497
2016,Kagawa,70-79,986
2016,Kagawa,over_80,184
2016,Kagawa,under_19,3694
2016,Iwate,20-29,3039
2016,Iwate,30-39,2144
2016,Iwate,40-49,1959
2016,Iwate,50-59,2062
2016,Iwate,60-69,2111
2016,Iwate,70-79,683
2016,Iwate,over_80,141
2016,Iwate,under_19,3017
2016,Ishikawa,20-29,6777
2016,Ishikawa,30-39,3945
2016,Ishikawa,40-49,3693
2016,Ishikawa,50-59,3199
2016,Ishikawa,60-69,3402
2016,Ishikawa,70-79,1290
2016,Ishikawa,over_80,229
2016,Ishikawa,under_19,6425
2016,Ibaraki,20-29,14639
2016,Ibaraki,30-39,9850
2016,Ibaraki,40-49,9223
2016,Ibaraki,50-59,8286
2016,Ibaraki,60-69,8614
2016,Ibaraki,70-79,3200
2016,Ibaraki,over_80,443
2016,Ibaraki,under_19,16270
2016,Hyogo,20-29,36993
2016,Hyogo,30-39,25112
2016,Hyogo,40-49,26271
2016,Hyogo,50-59,22130
2016,Hyogo,60-69,20841
2016,Hyogo,70-79,8948
2016,Hyogo,over_80,1769
2016,Hyogo,under_19,42582
2016,Hokkaido,20-29,21157
2016,Hokkaido,30-39,15020
2016,Hokkaido,40-49,13560
2016,Hokkaido,50-59,12998
2016,Hokkaido,60-69,12880
2016,Hokkaido,70-79,4538
2016,Hokkaido,over_80,977
2016,Hokkaido,under_19,17681
2016,Hiroshima,20-29,14099
2016,Hiroshima,30-39,9061
2016,Hiroshima,40-49,8688
2016,Hiroshima,50-59,7611
2016,Hiroshima,60-69,7395
2016,Hiroshima,70-79,3060
2016,Hiroshima,over_80,658
2016,Hiroshima,under_19,15342
2016,Gunma,20-29,9873
2016,Gunma,30-39,6336
2016,Gunma,40-49,6140
2016,Gunma,50-59,5203
2016,Gunma,60-69,5229
2016,Gunma,70-79,1808
2016,Gunma,over_80,294
2016,Gunma,under_19,10215
2016,Gifu,20-29,12008
2016,Gifu,30-39,7139
2016,Gifu,40-49,6932
2016,Gifu,50-59,6534
2016,Gifu,60-69,6407
2016,Gifu,70-79,2338
2016,Gifu,over_80,362
2016,Gifu,under_19,10998
2016,Fukushima,20-29,6802
2016,Fukushima,30-39,4703
2016,Fukushima,40-49,4183
2016,Fukushima,50-59,4363
2016,Fukushima,60-69,4312
2016,Fukushima,70-79,1435
2016,Fukushima,over_80,260
2016,Fukushima,under_19,8344
2016,Fukuoka,20-29,33417
2016,Fukuoka,30-39,22536
2016,Fukuoka,40-49,20102
2016,Fukuoka,50-59,16329
2016,Fukuoka,60-69,15770
2016,Fukuoka,70-79,6144
2016,Fukuoka,over_80,1275
2016,Fukuoka,under_19,34283
2016,Fukui,20-29,4118
2016,Fukui,30-39,2634
2016,Fukui,40-49,2260
2016,Fukui,50-59,2299
2016,Fukui,60-69,2007
2016,Fukui,70-79,691
2016,Fukui,over_80,152
2016,Fukui,under_19,3617
2016,Ehime,20-29,4907
2016,Ehime,30-39,3398
2016,Ehime,40-49,3030
2016,Ehime,50-59,2818
2016,Ehime,60-69,2923
2016,Ehime,70-79,1050
2016,Ehime,over_80,219
2016,Ehime,under_19,4615
2016,Chiba,20-29,41843
2016,Chiba,30-39,30449
2016,Chiba,40-49,30881
2016,Chiba,50-59,25197
2016,Chiba,60-69,25296
2016,Chiba,70-79,11525
2016,Chiba,over_80,1841
2016,Chiba,under_19,47703
2016,Aomori,20-29,3178
2016,Aomori,30-39,2303
2016,Aomori,40-49,1927
2016,Aomori,50-59,2149
2016,Aomori,60-69,1907
2016,Aomori,70-79,626
2016,Aomori,over_80,113
2016,Aomori,under_19,2701
2016,Akita,20-29,2320
2016,Akita,30-39,1644
2016,Akita,40-49,1492
2016,Akita,50-59,1574
2016,Akita,60-69,1542
2016,Akita,70-79,433
2016,Akita,over_80,107
2016,Akita,under_19,2229
2016,Aichi,20-29,55076
2016,Aichi,30-39,38846
2016,Aichi,40-49,36633
2016,Aichi,50-59,29689
2016,Aichi,60-69,24873
2016,Aichi,70-79,10271
2016,Aichi,over_80,1668
2016,Aichi,under_19,54072
2015,Yamanashi,20-29,4213
2015,Yamanashi,30-39,2656
2015,Yamanashi,40-49,2079
2015,Yamanashi,50-59,2100
2015,Yamanashi,60-69,2066
2015,Yamanashi,70-79,777
2015,Yamanashi,over_80,146
2015,Yamanashi,under_19,3702
2015,Yamaguchi,20-29,4879
2015,Yamaguchi,30-39,3197
2015,Yamaguchi,40-49,2770
2015,Yamaguchi,50-59,2730
2015,Yamaguchi,60-69,2779
2015,Yamaguchi,70-79,1081
2015,Yamaguchi,over_80,245
2015,Yamaguchi,under_19,4388
2015,Yamagata,20-29,3434
2015,Yamagata,30-39,2287
2015,Yamagata,40-49,1661
2015,Yamagata,50-59,1929
2015,Yamagata,60-69,1886
2015,Yamagata,70-79,480
2015,Yamagata,over_80,89
2015,Yamagata,under_19,4196
2015,Wakayama,20-29,4319
2015,Wakayama,30-39,2691
2015,Wakayama,40-49,2215
2015,Wakayama,50-59,2330
2015,Wakayama,60-69,2078
2015,Wakayama,70-79,694
2015,Wakayama,over_80,151
2015,Wakayama,under_19,4110
2015,Toyama,20-29,4779
2015,Toyama,30-39,3448
2015,Toyama,40-49,2777
2015,Toyama,50-59,2615
2015,Toyama,60-69,2551
2015,Toyama,70-79,893
2015,Toyama,over_80,182
2015,Toyama,under_19,4281
2015,Tottori,20-29,1884
2015,Tottori,30-39,1414
2015,Tottori,40-49,1057
2015,Tottori,50-59,1196
2015,Tottori,60-69,1037
2015,Tottori,70-79,363
2015,Tottori,over_80,54
2015,Tottori,under_19,2015
2015,Tokyo,20-29,122129
2015,Tokyo,30-39,117206
2015,Tokyo,40-49,80132
2015,Tokyo,50-59,53566
2015,Tokyo,60-69,39841
2015,Tokyo,70-79,18547
2015,Tokyo,over_80,4561
2015,Tokyo,under_19,129934
2015,Tokushima,20-29,3058
2015,Tokushima,30-39,2062
2015,Tokushima,40-49,1476
2015,Tokushima,50-59,1624
2015,Tokushima,60-69,1455
2015,Tokushima,70-79,423
2015,Tokushima,over_80,94
2015,Tokushima,under_19,2278
2015,Tochigi,20-29,8997
2015,Tochigi,30-39,6907
2015,Tochigi,40-49,5514
2015,Tochigi,50-59,4700
2015,Tochigi,60-69,4247
2015,Tochigi,70-79,1291
2015,Tochigi,over_80,209
2015,Tochigi,under_19,8392
2015,Shizuoka,20-29,17929
2015,Shizuoka,30-39,14007
2015,Shizuoka,40-49,11318
2015,Shizuoka,50-59,10103
2015,Shizuoka,60-69,9002
2015,Shizuoka,70-79,3502
2015,Shizuoka,over_80,728
2015,Shizuoka,under_19,21382
2015,Shimane,20-29,2008
2015,Shimane,30-39,1239
2015,Shimane,40-49,1018
2015,Shimane,50-59,1107
2015,Shimane,60-69,1035
2015,Shimane,70-79,336
2015,Shimane,over_80,84
2015,Shimane,under_19,1750
2015,Shiga,20-29,8995
2015,Shiga,30-39,6054
2015,Shiga,40-49,4874
2015,Shiga,50-59,4120
2015,Shiga,60-69,3336
2015,Shiga,70-79,1186
2015,Shiga,over_80,211
2015,Shiga,under_19,10227
2015,Saitama,20-29,44805
2015,Saitama,30-39,31923
2015,Saitama,40-49,26430
2015,Saitama,50-59,21199
2015,Saitama,60-69,18842
2015,Saitama,70-79,7416
2015,Saitama,over_80,1057
2015,Saitama,under_19,48628
2015,Saga,20-29,3290
2015,Saga,30-39,2190
2015,Saga,40-49,1627
2015,Saga,50-59,1859
2015,Saga,60-69,1752
2015,Saga,70-79,578
2015,Saga,over_80,114
2015,Saga,under_19,2820
2015,Osaka,20-29,58190
2015,Osaka,30-39,43449
2015,Osaka,40-49,35271
2015,Osaka,50-59,26143
2015,Osaka,60-69,21730
2015,Osaka,70-79,9607
2015,Osaka,over_80,1761
2015,Osaka,under_19,65366
2015,Okinawa,20-29,6381
2015,Okinawa,30-39,5353
2015,Okinawa,40-49,4475
2015,Okinawa,50-59,3791
2015,Okinawa,60-69,3072
2015,Okinawa,70-79,1051
2015,Okinawa,over_80,288
2015,Okinawa,under_19,7571
2015,Okayama,20-29,9014
2015,Okayama,30-39,5783
2015,Okayama,40-49,4507
2015,Okayama,50-59,4038
2015,Okayama,60-69,3651
2015,Okayama,70-79,1480
2015,Okayama,over_80,258
2015,Okayama,under_19,7560
2015,Oita,20-29,3764
2015,Oita,30-39,2647
2015,Oita,40-49,2188
2015,Oita,50-59,2115
2015,Oita,60-69,2042
2015,Oita,70-79,699
2015,Oita,over_80,159
2015,Oita,under_19,4159
2015,Niigata,20-29,8328
2015,Niigata,30-39,5681
2015,Niigata,40-49,4147
2015,Niigata,50-59,4237
2015,Niigata,60-69,4033
2015,Niigata,70-79,1297
2015,Niigata,over_80,191
2015,Niigata,under_19,9067
2015,Nara,20-29,8424
2015,Nara,30-39,5166
2015,Nara,40-49,4662
2015,Nara,50-59,4349
2015,Nara,60-69,4338
2015,Nara,70-79,1808
2015,Nara,over_80,294
2015,Nara,under_19,8541
2015,Nagasaki,20-29,4459
2015,Nagasaki,30-39,3036
2015,Nagasaki,40-49,2417
2015,Nagasaki,50-59,2607
2015,Nagasaki,60-69,2521
2015,Nagasaki,70-79,919
2015,Nagasaki,over_80,208
2015,Nagasaki,under_19,5559
2015,Nagano,20-29,8113
2015,Nagano,30-39,6441
2015,Nagano,40-49,5291
2015,Nagano,50-59,4924
2015,Nagano,60-69,5150
2015,Nagano,70-79,1948
2015,Nagano,over_80,336
2015,Nagano,under_19,8550
2015,Miyazaki,20-29,2920
2015,Miyazaki,30-39,2192
2015,Miyazaki,40-49,1751
2015,Miyazaki,50-59,2009
2015,Miyazaki,60-69,1896
2015,Miyazaki,70-79,668
2015,Miyazaki,over_80,152
2015,Miyazaki,under_19,3219
2015,Miyagi,20-29,10162
2015,Miyagi,30-39,7001
2015,Miyagi,40-49,5132
2015,Miyagi,50-59,4712
2015,Miyagi,60-69,4439
2015,Miyagi,70-79,1412
2015,Miyagi,over_80,277
2015,Miyagi,under_19,8550
2015,Mie,20-29,9821
2015,Mie,30-39,6758
2015,Mie,40-49,5661
2015,Mie,50-59,5321
2015,Mie,60-69,4335
2015,Mie,70-79,1544
2015,Mie,over_80,272
2015,Mie,under_19,8469
2015,Kyoto,20-29,18776
2015,Kyoto,30-39,11678
2015,Kyoto,40-49,9605
2015,Kyoto,50-59,7408
2015,Kyoto,60-69,6530
2015,Kyoto,70-79,2887
2015,Kyoto,over_80,550
2015,Kyoto,under_19,20431
2015,Kumamoto,20-29,7368
2015,Kumamoto,30-39,5210
2015,Kumamoto,40-49,3985
2015,Kumamoto,50-59,4185
2015,Kumamoto,60-69,3901
2015,Kumamoto,70-79,1341
2015,Kumamoto,over_80,316
2015,Kumamoto,under_19,6502
2015,Kochi,20-29,1971
2015,Kochi,30-39,1434
2015,Kochi,40-49,1175
2015,Kochi,50-59,1147
2015,Kochi,60-69,1119
2015,Kochi,70-79,392
2015,Kochi,over_80,80
2015,Kochi,under_19,1693
2015,Kanagawa,20-29,66670
2015,Kanagawa,30-39,55086
2015,Kanagawa,40-49,46539
2015,Kanagawa,50-59,34966
2015,Kanagawa,60-69,28178
2015,Kanagawa,70-79,12584
2015,Kanagawa,over_80,2363
2015,Kanagawa,under_19,76038
2015,Kagoshima,20-29,4577
2015,Kagoshima,30-39,3382
2015,Kagoshima,40-49,2524
2015,Kagoshima,50-59,2818
2015,Kagoshima,60-69,2522
2015,Kagoshima,70-79,863
2015,Kagoshima,over_80,193
2015,Kagoshima,under_19,4270
2015,Kagawa,20-29,3831
2015,Kagawa,30-39,2883
2015,Kagawa,40-49,2186
2015,Kagawa,50-59,2101
2015,Kagawa,60-69,1925
2015,Kagawa,70-79,727
2015,Kagawa,over_80,178
2015,Kagawa,under_19,3216
2015,Iwate,20-29,3136
2015,Iwate,30-39,2418
2015,Iwate,40-49,1826
2015,Iwate,50-59,1974
2015,Iwate,60-69,1851
2015,Iwate,70-79,619
2015,Iwate,over_80,119
2015,Iwate,under_19,3123
2015,Ishikawa,20-29,6098
2015,Ishikawa,30-39,3844
2015,Ishikawa,40-49,3012
2015,Ishikawa,50-59,2641
2015,Ishikawa,60-69,2503
2015,Ishikawa,70-79,867
2015,Ishikawa,over_80,157
2015,Ishikawa,under_19,5512
2015,Ibaraki,20-29,14026
2015,Ibaraki,30-39,9632
2015,Ibaraki,40-49,7819
2015,Ibaraki,50-59,7052
2015,Ibaraki,60-69,6582
2015,Ibaraki,70-79,2337
2015,Ibaraki,over_80,323
2015,Ibaraki,under_19,15177
2015,Hyogo,20-29,34016
2015,Hyogo,30-39,24076
2015,Hyogo,40-49,20679
2015,Hyogo,50-59,17602
2015,Hyogo,60-69,15625
2015,Hyogo,70-79,6394
2015,Hyogo,over_80,1346
2015,Hyogo,under_19,40166
2015,Hokkaido,20-29,18895
2015,Hokkaido,30-39,14486
2015,Hokkaido,40-49,11374
2015,Hokkaido,50-59,10884
2015,Hokkaido,60-69,10399
2015,Hokkaido,70-79,3451
2015,Hokkaido,over_80,740
2015,Hokkaido,under_19,15611
2015,Hiroshima,20-29,13236
2015,Hiroshima,30-39,9284
2015,Hiroshima,40-49,7531
2015,Hiroshima,50-59,6580
2015,Hiroshima,60-69,6062
2015,Hiroshima,70-79,2325
2015,Hiroshima,over_80,527
2015,Hiroshima,under_19,14582
2015,Gunma,20-29,8993
2015,Gunma,30-39,6194
2015,Gunma,40-49,5074
2015,Gunma,50-59,4476
2015,Gunma,60-69,4012
2015,Gunma,70-79,1360
2015,Gunma,over_80,203
2015,Gunma,under_19,9014
2015,Gifu,20-29,11159
2015,Gifu,30-39,7198
2015,Gifu,40-49,5890
2015,Gifu,50-59,5484
2015,Gifu,60-69,5033
2015,Gifu,70-79,1635
2015,Gifu,over_80,307
2015,Gifu,under_19,9771
2015,Fukushima,20-29,6495
2015,Fukushima,30-39,4536
2015,Fukushima,40-49,3640
2015,Fukushima,50-59,4206
2015,Fukushima,60-69,3679
2015,Fukushima,70-79,1176
2015,Fukushima,over_80,215
2015,Fukushima,under_19,7127
2015,Fukuoka,20-29,28533
2015,Fukuoka,30-39,20880
2015,Fukuoka,40-49,15590
2015,Fukuoka,50-59,13138
2015,Fukuoka,60-69,11867
2015,Fukuoka,70-79,4380
2015,Fukuoka,over_80,923
2015,Fukuoka,under_19,27980
2015,Fukui,20-29,4001
2015,Fukui,30-39,2540
2015,Fukui,40-49,1960
2015,Fukui,50-59,1933
2015,Fukui,60-69,1709
2015,Fukui,70-79,591
2015,Fukui,over_80,79
2015,Fukui,under_19,3076
2015,Ehime,20-29,4564
2015,Ehime,30-39,3290
2015,Ehime,40-49,2489
2015,Ehime,50-59,2685
2015,Ehime,60-69,2282
2015,Ehime,70-79,810
2015,Ehime,over_80,181
2015,Ehime,under_19,4156
2015,Chiba,20-29,37898
2015,Chiba,30-39,29833
2015,Chiba,40-49,24812
2015,Chiba,50-59,19847
2015,Chiba,60-69,18833
2015,Chiba,70-79,7721
2015,Chiba,over_80,1173
2015,Chiba,under_19,43758
2015,Aomori,20-29,2869
2015,Aomori,30-39,2097
2015,Aomori,40-49,1650
2015,Aomori,50-59,1838
2015,Aomori,60-69,1684
2015,Aomori,70-79,473
2015,Aomori,over_80,95
2015,Aomori,under_19,2592
2015,Akita,20-29,2054
2015,Akita,30-39,1525
2015,Akita,40-49,1240
2015,Akita,50-59,1533
2015,Akita,60-69,1346
2015,Akita,70-79,397
2015,Akita,over_80,98
2015,Akita,under_19,1668
2015,Aichi,20-29,50744
2015,Aichi,30-39,38175
2015,Aichi,40-49,30745
2015,Aichi,50-59,24025
2015,Aichi,60-69,18571
2015,Aichi,70-79,7251
2015,Aichi,over_80,1206
2015,Aichi,under_19,49599
2014,Yamanashi,20-29,4223
2014,Yamanashi,30-39,2744
2014,Yamanashi,40-49,2119
2014,Yamanashi,50-59,2118
2014,Yamanashi,60-69,1893
2014,Yamanashi,70-79,599
2014,Yamanashi,over_80,139
2014,Yamanashi,under_19,3771
2014,Yamaguchi,20-29,5262
2014,Yamaguchi,30-39,3640
2014,Yamaguchi,40-49,2793
2014,Yamaguchi,50-59,2810
2014,Yamaguchi,60-69,2858
2014,Yamaguchi,70-79,1046
2014,Yamaguchi,over_80,242
2014,Yamaguchi,under_19,4392
2014,Yamagata,20-29,3604
2014,Yamagata,30-39,2556
2014,Yamagata,40-49,1782
2014,Yamagata,50-59,2114
2014,Yamagata,60-69,1943
2014,Yamagata,70-79,516
2014,Yamagata,over_80,93
2014,Yamagata,under_19,4566
2014,Wakayama,20-29,4355
2014,Wakayama,30-39,2779
2014,Wakayama,40-49,2268
2014,Wakayama,50-59,2474
2014,Wakayama,60-69,1996
2014,Wakayama,70-79,676
2014,Wakayama,over_80,140
2014,Wakayama,under_19,4140
2014,Toyama,20-29,5064
2014,Toyama,30-39,3764
2014,Toyama,40-49,2830
2014,Toyama,50-59,2797
2014,Toyama,60-69,2522
2014,Toyama,70-79,846
2014,Toyama,over_80,155
2014,Toyama,under_19,4571
2014,Tottori,20-29,1997
2014,Tottori,30-39,1469
2014,Tottori,40-49,1094
2014,Tottori,50-59,1070
2014,Tottori,60-69,1004
2014,Tottori,70-79,307
2014,Tottori,over_80,54
2014,Tottori,under_19,2009
2014,Tokyo,20-29,121588
2014,Tokyo,30-39,118604
2014,Tokyo,40-49,71947
2014,Tokyo,50-59,45014
2014,Tokyo,60-69,32992
2014,Tokyo,70-79,13984
2014,Tokyo,over_80,3457
2014,Tokyo,under_19,124216
2014,Tokushima,20-29,3108
2014,Tokushima,30-39,2128
2014,Tokushima,40-49,1534
2014,Tokushima,50-59,1592
2014,Tokushima,60-69,1440
2014,Tokushima,70-79,447
2014,Tokushima,over_80,90
2014,Tokushima,under_19,2356
2014,Tochigi,20-29,9389
2014,Tochigi,30-39,7244
2014,Tochigi,40-49,5432
2014,Tochigi,50-59,4886
2014,Tochigi,60-69,4085
2014,Tochigi,70-79,1202
2014,Tochigi,over_80,232
2014,Tochigi,under_19,8589
2014,Shizuoka,20-29,18821
2014,Shizuoka,30-39,14721
2014,Shizuoka,40-49,11349
2014,Shizuoka,50-59,9778
2014,Shizuoka,60-69,8502
2014,Shizuoka,70-79,3095
2014,Shizuoka,over_80,565
2014,Shizuoka,under_19,21412
2014,Shimane,20-29,2137
2014,Shimane,30-39,1394
2014,Shimane,40-49,1034
2014,Shimane,50-59,1159
2014,Shimane,60-69,1064
2014,Shimane,70-79,320
2014,Shimane,over_80,84
2014,Shimane,under_19,1809
2014,Shiga,20-29,9380
2014,Shiga,30-39,6422
2014,Shiga,40-49,4846
2014,Shiga,50-59,4008
2014,Shiga,60-69,3240
2014,Shiga,70-79,972
2014,Shiga,over_80,161
2014,Shiga,under_19,10512
2014,Saitama,20-29,45440
2014,Saitama,30-39,33866
2014,Saitama,40-49,26006
2014,Saitama,50-59,20588
2014,Saitama,60-69,17619
2014,Saitama,70-79,6309
2014,Saitama,over_80,885
2014,Saitama,under_19,48093
2014,Saga,20-29,3893
2014,Saga,30-39,2614
2014,Saga,40-49,1895
2014,Saga,50-59,2138
2014,Saga,60-69,1783
2014,Saga,70-79,563
2014,Saga,over_80,108
2014,Saga,under_19,3027
2014,Osaka,20-29,59990
2014,Osaka,30-39,45014
2014,Osaka,40-49,34850
2014,Osaka,50-59,24185
2014,Osaka,60-69,19284
2014,Osaka,70-79,7802
2014,Osaka,over_80,1448
2014,Osaka,under_19,65103
2014,Okinawa,20-29,6626
2014,Okinawa,30-39,5336
2014,Okinawa,40-49,4110
2014,Okinawa,50-59,3831
2014,Okinawa,60-69,2925
2014,Okinawa,70-79,1090
2014,Okinawa,over_80,274
2014,Okinawa,under_19,7087
2014,Okayama,20-29,9759
2014,Okayama,30-39,6195
2014,Okayama,40-49,4661
2014,Okayama,50-59,4235
2014,Okayama,60-69,3562
2014,Okayama,70-79,1266
2014,Okayama,over_80,259
2014,Okayama,under_19,7846
2014,Oita,20-29,4493
2014,Oita,30-39,3062
2014,Oita,40-49,2280
2014,Oita,50-59,2505
2014,Oita,60-69,2223
2014,Oita,70-79,715
2014,Oita,over_80,162
2014,Oita,under_19,4729
2014,Niigata,20-29,8872
2014,Niigata,30-39,5914
2014,Niigata,40-49,4182
2014,Niigata,50-59,4164
2014,Niigata,60-69,4025
2014,Niigata,70-79,1187
2014,Niigata,over_80,199
2014,Niigata,under_19,9770
2014,Nara,20-29,8795
2014,Nara,30-39,5720
2014,Nara,40-49,4753
2014,Nara,50-59,4186
2014,Nara,60-69,3825
2014,Nara,70-79,1483
2014,Nara,over_80,268
2014,Nara,under_19,8552
2014,Nagasaki,20-29,4798
2014,Nagasaki,30-39,3311
2014,Nagasaki,40-49,2459
2014,Nagasaki,50-59,2645
2014,Nagasaki,60-69,2438
2014,Nagasaki,70-79,842
2014,Nagasaki,over_80,210
2014,Nagasaki,under_19,5233
2014,Nagano,20-29,8622
2014,Nagano,30-39,6682
2014,Nagano,40-49,4848
2014,Nagano,50-59,4738
2014,Nagano,60-69,4686
2014,Nagano,70-79,1634
2014,Nagano,over_80,306
2014,Nagano,under_19,8227
2014,Miyazaki,20-29,3457
2014,Miyazaki,30-39,2457
2014,Miyazaki,40-49,1892
2014,Miyazaki,50-59,2215
2014,Miyazaki,60-69,2074
2014,Miyazaki,70-79,710
2014,Miyazaki,over_80,161
2014,Miyazaki,under_19,3427
2014,Miyagi,20-29,11089
2014,Miyagi,30-39,7753
2014,Miyagi,40-49,5201
2014,Miyagi,50-59,5089
2014,Miyagi,60-69,4190
2014,Miyagi,70-79,1281
2014,Miyagi,over_80,240
2014,Miyagi,under_19,8582
2014,Mie,20-29,10210
2014,Mie,30-39,7118
2014,Mie,40-49,5545
2014,Mie,50-59,4831
2014,Mie,60-69,4011
2014,Mie,70-79,1416
2014,Mie,over_80,230
2014,Mie,under_19,8524
2014,Kyoto,20-29,19888
2014,Kyoto,30-39,12514
2014,Kyoto,40-49,9180
2014,Kyoto,50-59,6788
2014,Kyoto,60-69,6093
2014,Kyoto,70-79,2364
2014,Kyoto,over_80,445
2014,Kyoto,under_19,20012
2014,Kumamoto,20-29,7715
2014,Kumamoto,30-39,5573
2014,Kumamoto,40-49,3813
2014,Kumamoto,50-59,4086
2014,Kumamoto,60-69,3700
2014,Kumamoto,70-79,1183
2014,Kumamoto,over_80,298
2014,Kumamoto,under_19,6380
2014,Kochi,20-29,2169
2014,Kochi,30-39,1480
2014,Kochi,40-49,1276
2014,Kochi,50-59,1277
2014,Kochi,60-69,1090
2014,Kochi,70-79,358
2014,Kochi,over_80,89
2014,Kochi,under_19,1742
2014,Kanagawa,20-29,66645
2014,Kanagawa,30-39,57107
2014,Kanagawa,40-49,43398
2014,Kanagawa,50-59,30943
2014,Kanagawa,60-69,23976
2014,Kanagawa,70-79,9509
2014,Kanagawa,over_80,1904
2014,Kanagawa,under_19,72986
2014,Kagoshima,20-29,5204
2014,Kagoshima,30-39,3720
2014,Kagoshima,40-49,2715
2014,Kagoshima,50-59,3220
2014,Kagoshima,60-69,2784
2014,Kagoshima,70-79,937
2014,Kagoshima,over_80,242
2014,Kagoshima,under_19,4425
2014,Kagawa,20-29,4077
2014,Kagawa,30-39,3188
2014,Kagawa,40-49,2347
2014,Kagawa,50-59,2291
2014,Kagawa,60-69,2043
2014,Kagawa,70-79,666
2014,Kagawa,over_80,144
2014,Kagawa,under_19,3408
2014,Iwate,20-29,3331
2014,Iwate,30-39,2687
2014,Iwate,40-49,1973
2014,Iwate,50-59,2264
2014,Iwate,60-69,2087
2014,Iwate,70-79,646
2014,Iwate,over_80,109
2014,Iwate,under_19,3346
2014,Ishikawa,20-29,6463
2014,Ishikawa,30-39,4386
2014,Ishikawa,40-49,3215
2014,Ishikawa,50-59,3072
2014,Ishikawa,60-69,2666
2014,Ishikawa,70-79,870
2014,Ishikawa,over_80,113
2014,Ishikawa,under_19,5553
2014,Ibaraki,20-29,14397
2014,Ibaraki,30-39,10279
2014,Ibaraki,40-49,7715
2014,Ibaraki,50-59,6968
2014,Ibaraki,60-69,6415
2014,Ibaraki,70-79,1937
2014,Ibaraki,over_80,290
2014,Ibaraki,under_19,15638
2014,Hyogo,20-29,35141
2014,Hyogo,30-39,25293
2014,Hyogo,40-49,20228
2014,Hyogo,50-59,16444
2014,Hyogo,60-69,13336
2014,Hyogo,70-79,5036
2014,Hyogo,over_80,1080
2014,Hyogo,under_19,38494
2014,Hokkaido,20-29,19904
2014,Hokkaido,30-39,15555
2014,Hokkaido,40-49,11470
2014,Hokkaido,50-59,11301
2014,Hokkaido,60-69,10282
2014,Hokkaido,70-79,3448
2014,Hokkaido,over_80,735
2014,Hokkaido,under_19,15484
2014,Hiroshima,20-29,13908
2014,Hiroshima,30-39,10100
2014,Hiroshima,40-49,7727
2014,Hiroshima,50-59,6768
2014,Hiroshima,60-69,5774
2014,Hiroshima,70-79,2047
2014,Hiroshima,over_80,455
2014,Hiroshima,under_19,14552
2014,Gunma,20-29,9284
2014,Gunma,30-39,6368
2014,Gunma,40-49,4879
2014,Gunma,50-59,4286
2014,Gunma,60-69,3831
2014,Gunma,70-79,1248
2014,Gunma,over_80,190
2014,Gunma,under_19,8853
2014,Gifu,20-29,11384
2014,Gifu,30-39,7350
2014,Gifu,40-49,5635
2014,Gifu,50-59,5471
2014,Gifu,60-69,4495
2014,Gifu,70-79,1498
2014,Gifu,over_80,269
2014,Gifu,under_19,9998
2014,Fukushima,20-29,6972
2014,Fukushima,30-39,4950
2014,Fukushima,40-49,3763
2014,Fukushima,50-59,4401
2014,Fukushima,60-69,3921
2014,Fukushima,70-79,1230
2014,Fukushima,over_80,227
2014,Fukushima,under_19,7329
2014,Fukuoka,20-29,30363
2014,Fukuoka,30-39,22481
2014,Fukuoka,40-49,15929
2014,Fukuoka,50-59,13597
2014,Fukuoka,60-69,11577
2014,Fukuoka,70-79,3953
2014,Fukuoka,over_80,819
2014,Fukuoka,under_19,28420
2014,Fukui,20-29,4141
2014,Fukui,30-39,2652
2014,Fukui,40-49,2071
2014,Fukui,50-59,2010
2014,Fukui,60-69,1606
2014,Fukui,70-79,566
2014,Fukui,over_80,113
2014,Fukui,under_19,3124
2014,Ehime,20-29,4932
2014,Ehime,30-39,3508
2014,Ehime,40-49,2591
2014,Ehime,50-59,2875
2014,Ehime,60-69,2313
2014,Ehime,70-79,782
2014,Ehime,over_80,194
2014,Ehime,under_19,4233
2014,Chiba,20-29,39071
2014,Chiba,30-39,31663
2014,Chiba,40-49,24114
2014,Chiba,50-59,18368
2014,Chiba,60-69,16351
2014,Chiba,70-79,5937
2014,Chiba,over_80,900
2014,Chiba,under_19,43221
2014,Aomori,20-29,2938
2014,Aomori,30-39,2250
2014,Aomori,40-49,1675
2014,Aomori,50-59,1899
2014,Aomori,60-69,1598
2014,Aomori,70-79,538
2014,Aomori,over_80,94
2014,Aomori,under_19,2567
2014,Akita,20-29,2300
2014,Akita,30-39,1773
2014,Akita,40-49,1300
2014,Akita,50-59,1625
2014,Akita,60-69,1475
2014,Akita,70-79,404
2014,Akita,over_80,72
2014,Akita,under_19,1744
2014,Aichi,20-29,51287
2014,Aichi,30-39,39646
2014,Aichi,40-49,29550
2014,Aichi,50-59,21436
2014,Aichi,60-69,15992
2014,Aichi,70-79,5694
2014,Aichi,over_80,1010
2014,Aichi,under_19,49740
