year,month,gender,age,value
2010,10,female,20-29,6588
2010,10,female,30-39,8795
2010,10,female,40-49,8220
2010,10,female,50-59,8161
2010,10,female,60-69,9414
2010,10,female,70-79,7131
2010,10,female,over_80,2663
2010,10,female,under_19,11075
2010,10,male,20-29,6871
2010,10,male,30-39,9107
2010,10,male,40-49,8397
2010,10,male,50-59,8104
2010,10,male,60-69,8871
2010,10,male,70-79,5828
2010,10,male,over_80,1700
2010,10,male,under_19,11641
2010,11,female,20-29,6574
2010,11,female,30-39,8785
2010,11,female,40-49,8232
2010,11,female,50-59,8136
2010,11,female,60-69,9426
2010,11,female,70-79,7142
2010,11,female,over_80,2668
2010,11,female,under_19,11070
2010,11,male,20-29,6857
2010,11,male,30-39,9095
2010,11,male,40-49,8411
2010,11,male,50-59,8080
2010,11,male,60-69,8880
2010,11,male,70-79,5840
2010,11,male,over_80,1705
2010,11,male,under_19,11636
2010,12,female,20-29,6564
2010,12,female,30-39,8770
2010,12,female,40-49,8243
2010,12,female,50-59,8111
2010,12,female,60-69,9433
2010,12,female,70-79,7152
2010,12,female,over_80,2675
2010,12,female,under_19,11066
2010,12,male,20-29,6848
2010,12,male,30-39,9080
2010,12,male,40-49,8423
2010,12,male,50-59,8055
2010,12,male,60-69,8886
2010,12,male,70-79,5849
2010,12,male,over_80,1712
2010,12,male,under_19,11632
2011,1,female,20-29,6564
2011,1,female,30-39,8760
2011,1,female,40-49,8270
2011,1,female,50-59,8092
2011,1,female,60-69,9447
2011,1,female,70-79,7160
2011,1,female,over_80,2672
2011,1,female,under_19,11073
2011,1,male,20-29,6845
2011,1,male,30-39,9067
2011,1,male,40-49,8449
2011,1,male,50-59,8036
2011,1,male,60-69,8904
2011,1,male,70-79,5859
2011,1,male,over_80,1712
2011,1,male,under_19,11637
2011,2,female,20-29,6547
2011,2,female,30-39,8730
2011,2,female,40-49,8270
2011,2,female,50-59,8048
2011,2,female,60-69,9452
2011,2,female,70-79,7178
2011,2,female,over_80,2688
2011,2,female,under_19,11059
2011,2,male,20-29,6829
2011,2,male,30-39,9038
2011,2,male,40-49,8454
2011,2,male,50-59,7998
2011,2,male,60-69,8909
2011,2,male,70-79,5879
2011,2,male,over_80,1724
2011,2,male,under_19,11624
2011,3,female,20-29,6533
2011,3,female,30-39,8707
2011,3,female,40-49,8278
2011,3,female,50-59,8021
2011,3,female,60-69,9455
2011,3,female,70-79,7192
2011,3,female,over_80,2694
2011,3,female,under_19,11053
2011,3,male,20-29,6817
2011,3,male,30-39,9015
2011,3,male,40-49,8459
2011,3,male,50-59,7969
2011,3,male,60-69,8914
2011,3,male,70-79,5896
2011,3,male,over_80,1730
2011,3,male,under_19,11617
2011,4,female,20-29,6521
2011,4,female,30-39,8685
2011,4,female,40-49,8288
2011,4,female,50-59,7999
2011,4,female,60-69,9455
2011,4,female,70-79,7194
2011,4,female,over_80,2702
2011,4,female,under_19,11047
2011,4,male,20-29,6806
2011,4,male,30-39,8992
2011,4,male,40-49,8470
2011,4,male,50-59,7946
2011,4,male,60-69,8915
2011,4,male,70-79,5905
2011,4,male,over_80,1738
2011,4,male,under_19,11610
2011,5,female,20-29,6507
2011,5,female,30-39,8663
2011,5,female,40-49,8299
2011,5,female,50-59,7987
2011,5,female,60-69,9462
2011,5,female,70-79,7207
2011,5,female,over_80,2705
2011,5,female,under_19,11037
2011,5,male,20-29,6791
2011,5,male,30-39,8969
2011,5,male,40-49,8482
2011,5,male,50-59,7935
2011,5,male,60-69,8923
2011,5,male,70-79,5917
2011,5,male,over_80,1741
2011,5,male,under_19,11600
2011,6,female,20-29,6497
2011,6,female,30-39,8645
2011,6,female,40-49,8318
2011,6,female,50-59,7974
2011,6,female,60-69,9469
2011,6,female,70-79,7217
2011,6,female,over_80,2704
2011,6,female,under_19,11030
2011,6,male,20-29,6781
2011,6,male,30-39,8951
2011,6,male,40-49,8499
2011,6,male,50-59,7923
2011,6,male,60-69,8927
2011,6,male,70-79,5926
2011,6,male,over_80,1741
2011,6,male,under_19,11593
2011,7,female,20-29,6487
2011,7,female,30-39,8630
2011,7,female,40-49,8341
2011,7,female,50-59,7963
2011,7,female,60-69,9470
2011,7,female,70-79,7229
2011,7,female,over_80,2707
2011,7,female,under_19,11032
2011,7,male,20-29,6772
2011,7,male,30-39,8932
2011,7,male,40-49,8522
2011,7,male,50-59,7910
2011,7,male,60-69,8930
2011,7,male,70-79,5938
2011,7,male,over_80,1743
2011,7,male,under_19,11592
2011,8,female,20-29,6478
2011,8,female,30-39,8614
2011,8,female,40-49,8368
2011,8,female,50-59,7946
2011,8,female,60-69,9472
2011,8,female,70-79,7246
2011,8,female,over_80,2713
2011,8,female,under_19,11030
2011,8,male,20-29,6762
2011,8,male,30-39,8912
2011,8,male,40-49,8548
2011,8,male,50-59,7896
2011,8,male,60-69,8933
2011,8,male,70-79,5955
2011,8,male,over_80,1748
2011,8,male,under_19,11592
2011,9,female,20-29,6459
2011,9,female,30-39,8588
2011,9,female,40-49,8383
2011,9,female,50-59,7931
2011,9,female,60-69,9470
2011,9,female,70-79,7265
2011,9,female,over_80,2718
2011,9,female,under_19,11013
2011,9,male,20-29,6745
2011,9,male,30-39,8891
2011,9,male,40-49,8569
2011,9,male,50-59,7884
2011,9,male,60-69,8931
2011,9,male,70-79,5973
2011,9,male,over_80,1753
2011,9,male,under_19,11573
2011,10,female,20-29,6443
2011,10,female,30-39,8570
2011,10,female,40-49,8402
2011,10,female,50-59,7920
2011,10,female,60-69,9465
2011,10,female,70-79,7282
2011,10,female,over_80,2723
2011,10,female,under_19,11006
2011,10,male,20-29,6730
2011,10,male,30-39,8873
2011,10,male,40-49,8590
2011,10,male,50-59,7874
2011,10,male,60-69,8927
2011,10,male,70-79,5991
2011,10,male,over_80,1758
2011,10,male,under_19,11569
2011,11,female,20-29,6433
2011,11,female,30-39,8552
2011,11,female,40-49,8422
2011,11,female,50-59,7906
2011,11,female,60-69,9457
2011,11,female,70-79,7301
2011,11,female,over_80,2726
2011,11,female,under_19,10999
2011,11,male,20-29,6720
2011,11,male,30-39,8853
2011,11,male,40-49,8610
2011,11,male,50-59,7859
2011,11,male,60-69,8921
2011,11,male,70-79,6007
2011,11,male,over_80,1761
2011,11,male,under_19,11559
2011,12,female,20-29,6425
2011,12,female,30-39,8531
2011,12,female,40-49,8437
2011,12,female,50-59,7888
2011,12,female,60-69,9450
2011,12,female,70-79,7320
2011,12,female,over_80,2727
2011,12,female,under_19,10992
2011,12,male,20-29,6713
2011,12,male,30-39,8833
2011,12,male,40-49,8629
2011,12,male,50-59,7844
2011,12,male,60-69,8914
2011,12,male,70-79,6024
2011,12,male,over_80,1763
2011,12,male,under_19,11552
2012,1,female,20-29,6426
2012,1,female,30-39,8521
2012,1,female,40-49,8460
2012,1,female,50-59,7879
2012,1,female,60-69,9451
2012,1,female,70-79,7335
2012,1,female,over_80,2728
2012,1,female,under_19,10995
2012,1,male,20-29,6712
2012,1,male,30-39,8818
2012,1,male,40-49,8654
2012,1,male,50-59,7836
2012,1,male,60-69,8917
2012,1,male,70-79,6039
2012,1,male,over_80,1761
2012,1,male,under_19,11553
2012,2,female,20-29,6410
2012,2,female,30-39,8488
2012,2,female,40-49,8459
2012,2,female,50-59,7849
2012,2,female,60-69,9437
2012,2,female,70-79,7362
2012,2,female,over_80,2734
2012,2,female,under_19,10982
2012,2,male,20-29,6699
2012,2,male,30-39,8785
2012,2,male,40-49,8654
2012,2,male,50-59,7808
2012,2,male,60-69,8906
2012,2,male,70-79,6067
2012,2,male,over_80,1770
2012,2,male,under_19,11537
2012,3,female,20-29,6399
2012,3,female,30-39,8462
2012,3,female,40-49,8466
2012,3,female,50-59,7829
2012,3,female,60-69,9435
2012,3,female,70-79,7375
2012,3,female,over_80,2740
2012,3,female,under_19,10974
2012,3,male,20-29,6690
2012,3,male,30-39,8758
2012,3,male,40-49,8663
2012,3,male,50-59,7789
2012,3,male,60-69,8903
2012,3,male,70-79,6083
2012,3,male,over_80,1777
2012,3,male,under_19,11532
2012,4,female,20-29,6389
2012,4,female,30-39,8441
2012,4,female,40-49,8481
2012,4,female,50-59,7813
2012,4,female,60-69,9431
2012,4,female,70-79,7374
2012,4,female,over_80,2752
2012,4,female,under_19,10974
2012,4,male,20-29,6680
2012,4,male,30-39,8732
2012,4,male,40-49,8674
2012,4,male,50-59,7772
2012,4,male,60-69,8901
2012,4,male,70-79,6090
2012,4,male,over_80,1788
2012,4,male,under_19,11530
2012,5,female,20-29,6378
2012,5,female,30-39,8414
2012,5,female,40-49,8489
2012,5,female,50-59,7801
2012,5,female,60-69,9435
2012,5,female,70-79,7387
2012,5,female,over_80,2760
2012,5,female,under_19,10960
2012,5,male,20-29,6670
2012,5,male,30-39,8706
2012,5,male,40-49,8686
2012,5,male,50-59,7761
2012,5,male,60-69,8905
2012,5,male,70-79,6101
2012,5,male,over_80,1794
2012,5,male,under_19,11516
2012,6,female,20-29,6369
2012,6,female,30-39,8393
2012,6,female,40-49,8508
2012,6,female,50-59,7793
2012,6,female,60-69,9438
2012,6,female,70-79,7392
2012,6,female,over_80,2767
2012,6,female,under_19,10954
2012,6,male,20-29,6662
2012,6,male,30-39,8683
2012,6,male,40-49,8706
2012,6,male,50-59,7752
2012,6,male,60-69,8909
2012,6,male,70-79,6108
2012,6,male,over_80,1799
2012,6,male,under_19,11507
2012,7,female,20-29,6360
2012,7,female,30-39,8376
2012,7,female,40-49,8536
2012,7,female,50-59,7782
2012,7,female,60-69,9441
2012,7,female,70-79,7402
2012,7,female,over_80,2773
2012,7,female,under_19,10953
2012,7,male,20-29,6653
2012,7,male,30-39,8664
2012,7,male,40-49,8731
2012,7,male,50-59,7742
2012,7,male,60-69,8910
2012,7,male,70-79,6117
2012,7,male,over_80,1804
2012,7,male,under_19,11507
2012,8,female,20-29,6351
2012,8,female,30-39,8359
2012,8,female,40-49,8562
2012,8,female,50-59,7771
2012,8,female,60-69,9441
2012,8,female,70-79,7415
2012,8,female,over_80,2781
2012,8,female,under_19,10951
2012,8,male,20-29,6643
2012,8,male,30-39,8643
2012,8,male,40-49,8758
2012,8,male,50-59,7734
2012,8,male,60-69,8913
2012,8,male,70-79,6130
2012,8,male,over_80,1810
2012,8,male,under_19,11505
2012,9,female,20-29,6331
2012,9,female,30-39,8332
2012,9,female,40-49,8576
2012,9,female,50-59,7760
2012,9,female,60-69,9440
2012,9,female,70-79,7428
2012,9,female,over_80,2787
2012,9,female,under_19,10929
2012,9,male,20-29,6625
2012,9,male,30-39,8621
2012,9,male,40-49,8782
2012,9,male,50-59,7725
2012,9,male,60-69,8912
2012,9,male,70-79,6144
2012,9,male,over_80,1815
2012,9,male,under_19,11482
2012,10,female,20-29,6314
2012,10,female,30-39,8312
2012,10,female,40-49,8596
2012,10,female,50-59,7751
2012,10,female,60-69,9438
2012,10,female,70-79,7439
2012,10,female,over_80,2796
2012,10,female,under_19,10920
2012,10,male,20-29,6612
2012,10,male,30-39,8601
2012,10,male,40-49,8804
2012,10,male,50-59,7719
2012,10,male,60-69,8911
2012,10,male,70-79,6156
2012,10,male,over_80,1822
2012,10,male,under_19,11472
2012,11,female,20-29,6303
2012,11,female,30-39,8289
2012,11,female,40-49,8614
2012,11,female,50-59,7740
2012,11,female,60-69,9436
2012,11,female,70-79,7444
2012,11,female,over_80,2806
2012,11,female,under_19,10912
2012,11,male,20-29,6601
2012,11,male,30-39,8577
2012,11,male,40-49,8820
2012,11,male,50-59,7708
2012,11,male,60-69,8909
2012,11,male,70-79,6161
2012,11,male,over_80,1830
2012,11,male,under_19,11464
2012,12,female,20-29,6294
2012,12,female,30-39,8269
2012,12,female,40-49,8630
2012,12,female,50-59,7731
2012,12,female,60-69,9432
2012,12,female,70-79,7445
2012,12,female,over_80,2817
2012,12,female,under_19,10907
2012,12,male,20-29,6593
2012,12,male,30-39,8555
2012,12,male,40-49,8839
2012,12,male,50-59,7698
2012,12,male,60-69,8906
2012,12,male,70-79,6163
2012,12,male,over_80,1840
2012,12,male,under_19,11460
2013,1,female,20-29,6294
2013,1,female,30-39,8257
2013,1,female,40-49,8657
2013,1,female,50-59,7727
2013,1,female,60-69,9433
2013,1,female,70-79,7453
2013,1,female,over_80,2820
2013,1,female,under_19,10913
2013,1,male,20-29,6590
2013,1,male,30-39,8540
2013,1,male,40-49,8865
2013,1,male,50-59,7699
2013,1,male,60-69,8908
2013,1,male,70-79,6169
2013,1,male,over_80,1841
2013,1,male,under_19,11464
2013,2,female,20-29,6279
2013,2,female,30-39,8220
2013,2,female,40-49,8654
2013,2,female,50-59,7706
2013,2,female,60-69,9425
2013,2,female,70-79,7456
2013,2,female,over_80,2837
2013,2,female,under_19,10897
2013,2,male,20-29,6576
2013,2,male,30-39,8505
2013,2,male,40-49,8865
2013,2,male,50-59,7678
2013,2,male,60-69,8902
2013,2,male,70-79,6180
2013,2,male,over_80,1854
2013,2,male,under_19,11447
2013,3,female,20-29,6268
2013,3,female,30-39,8194
2013,3,female,40-49,8663
2013,3,female,50-59,7696
2013,3,female,60-69,9418
2013,3,female,70-79,7467
2013,3,female,over_80,2844
2013,3,female,under_19,10890
2013,3,male,20-29,6565
2013,3,male,30-39,8479
2013,3,male,40-49,8874
2013,3,male,50-59,7668
2013,3,male,60-69,8896
2013,3,male,70-79,6193
2013,3,male,over_80,1860
2013,3,male,under_19,11441
2013,4,female,20-29,6256
2013,4,female,30-39,8172
2013,4,female,40-49,8677
2013,4,female,50-59,7686
2013,4,female,60-69,9409
2013,4,female,70-79,7471
2013,4,female,over_80,2850
2013,4,female,under_19,10890
2013,4,male,20-29,6554
2013,4,male,30-39,8453
2013,4,male,40-49,8886
2013,4,male,50-59,7658
2013,4,male,60-69,8890
2013,4,male,70-79,6203
2013,4,male,over_80,1867
2013,4,male,under_19,11438
2013,5,female,20-29,6243
2013,5,female,30-39,8146
2013,5,female,40-49,8686
2013,5,female,50-59,7683
2013,5,female,60-69,9406
2013,5,female,70-79,7485
2013,5,female,over_80,2855
2013,5,female,under_19,10875
2013,5,male,20-29,6541
2013,5,male,30-39,8427
2013,5,male,40-49,8897
2013,5,male,50-59,7655
2013,5,male,60-69,8888
2013,5,male,70-79,6217
2013,5,male,over_80,1871
2013,5,male,under_19,11423
2013,6,female,20-29,6234
2013,6,female,30-39,8122
2013,6,female,40-49,8707
2013,6,female,50-59,7679
2013,6,female,60-69,9409
2013,6,female,70-79,7493
2013,6,female,over_80,2858
2013,6,female,under_19,10868
2013,6,male,20-29,6532
2013,6,male,30-39,8401
2013,6,male,40-49,8917
2013,6,male,50-59,7650
2013,6,male,60-69,8892
2013,6,male,70-79,6224
2013,6,male,over_80,1873
2013,6,male,under_19,11417
2013,7,female,20-29,6227
2013,7,female,30-39,8104
2013,7,female,40-49,8733
2013,7,female,50-59,7675
2013,7,female,60-69,9411
2013,7,female,70-79,7502
2013,7,female,over_80,2859
2013,7,female,under_19,10870
2013,7,male,20-29,6525
2013,7,male,30-39,8378
2013,7,male,40-49,8939
2013,7,male,50-59,7647
2013,7,male,60-69,8893
2013,7,male,70-79,6232
2013,7,male,over_80,1874
2013,7,male,under_19,11415
2013,8,female,20-29,6217
2013,8,female,30-39,8084
2013,8,female,40-49,8759
2013,8,female,50-59,7669
2013,8,female,60-69,9410
2013,8,female,70-79,7516
2013,8,female,over_80,2860
2013,8,female,under_19,10869
2013,8,male,20-29,6514
2013,8,male,30-39,8356
2013,8,male,40-49,8965
2013,8,male,50-59,7642
2013,8,male,60-69,8894
2013,8,male,70-79,6245
2013,8,male,over_80,1877
2013,8,male,under_19,11416
2013,9,female,20-29,6199
2013,9,female,30-39,8053
2013,9,female,40-49,8771
2013,9,female,50-59,7661
2013,9,female,60-69,9400
2013,9,female,70-79,7536
2013,9,female,over_80,2863
2013,9,female,under_19,10846
2013,9,male,20-29,6499
2013,9,male,30-39,8332
2013,9,male,40-49,8987
2013,9,male,50-59,7639
2013,9,male,60-69,8886
2013,9,male,70-79,6265
2013,9,male,over_80,1880
2013,9,male,under_19,11392
2013,10,female,20-29,6184
2013,10,female,30-39,8031
2013,10,female,40-49,8788
2013,10,female,50-59,7658
2013,10,female,60-69,9387
2013,10,female,70-79,7556
2013,10,female,over_80,6073
2013,10,female,under_19,10839
2013,10,male,20-29,6485
2013,10,male,30-39,8311
2013,10,male,40-49,9008
2013,10,male,50-59,7637
2013,10,male,60-69,8874
2013,10,male,70-79,6284
2013,10,male,over_80,3201
2013,10,male,under_19,11386
2013,11,female,20-29,6171
2013,11,female,30-39,8008
2013,11,female,40-49,8807
2013,11,female,50-59,7657
2013,11,female,60-69,9370
2013,11,female,70-79,7572
2013,11,female,over_80,6090
2013,11,female,under_19,10835
2013,11,male,20-29,6473
2013,11,male,30-39,8287
2013,11,male,40-49,9024
2013,11,male,50-59,7637
2013,11,male,60-69,8858
2013,11,male,70-79,6298
2013,11,male,over_80,3215
2013,11,male,under_19,11381
2013,12,female,20-29,6162
2013,12,female,30-39,7987
2013,12,female,40-49,8823
2013,12,female,50-59,7653
2013,12,female,60-69,9355
2013,12,female,70-79,7583
2013,12,female,over_80,6107
2013,12,female,under_19,10829
2013,12,male,20-29,6464
2013,12,male,30-39,8265
2013,12,male,40-49,9042
2013,12,male,50-59,7634
2013,12,male,60-69,8845
2013,12,male,70-79,6307
2013,12,male,over_80,3229
2013,12,male,under_19,11375
2014,1,female,20-29,6162
2014,1,female,30-39,7974
2014,1,female,40-49,8848
2014,1,female,50-59,7652
2014,1,female,60-69,9352
2014,1,female,70-79,7593
2014,1,female,over_80,6111
2014,1,female,under_19,10837
2014,1,male,20-29,6463
2014,1,male,30-39,8249
2014,1,male,40-49,9067
2014,1,male,50-59,7638
2014,1,male,60-69,8841
2014,1,male,70-79,6314
2014,1,male,over_80,3235
2014,1,male,under_19,11381
2014,2,female,20-29,6147
2014,2,female,30-39,7941
2014,2,female,40-49,8847
2014,2,female,50-59,7634
2014,2,female,60-69,9332
2014,2,female,70-79,7609
2014,2,female,over_80,6148
2014,2,female,under_19,10821
2014,2,male,20-29,6450
2014,2,male,30-39,8218
2014,2,male,40-49,9072
2014,2,male,50-59,7622
2014,2,male,60-69,8829
2014,2,male,70-79,6335
2014,2,male,over_80,3257
2014,2,male,under_19,11363
2014,3,female,20-29,6136
2014,3,female,30-39,7917
2014,3,female,40-49,8853
2014,3,female,50-59,7624
2014,3,female,60-69,9314
2014,3,female,70-79,7629
2014,3,female,over_80,6173
2014,3,female,under_19,10810
2014,3,male,20-29,6439
2014,3,male,30-39,8193
2014,3,male,40-49,9074
2014,3,male,50-59,7610
2014,3,male,60-69,8813
2014,3,male,70-79,6355
2014,3,male,over_80,3275
2014,3,male,under_19,11351
2014,4,female,20-29,6126
2014,4,female,30-39,7899
2014,4,female,40-49,8864
2014,4,female,50-59,7620
2014,4,female,60-69,9296
2014,4,female,70-79,7636
2014,4,female,over_80,6206
2014,4,female,under_19,10804
2014,4,male,20-29,6430
2014,4,male,30-39,8169
2014,4,male,40-49,9083
2014,4,male,50-59,7605
2014,4,male,60-69,8798
2014,4,male,70-79,6366
2014,4,male,over_80,3296
2014,4,male,under_19,11347
2014,5,female,20-29,6117
2014,5,female,30-39,7872
2014,5,female,40-49,8870
2014,5,female,50-59,7623
2014,5,female,60-69,9282
2014,5,female,70-79,7656
2014,5,female,over_80,6217
2014,5,female,under_19,10789
2014,5,male,20-29,6422
2014,5,male,30-39,8144
2014,5,male,40-49,9090
2014,5,male,50-59,7609
2014,5,male,60-69,8787
2014,5,male,70-79,6385
2014,5,male,over_80,3303
2014,5,male,under_19,11329
2014,6,female,20-29,6112
2014,6,female,30-39,7851
2014,6,female,40-49,8885
2014,6,female,50-59,7629
2014,6,female,60-69,9272
2014,6,female,70-79,7668
2014,6,female,over_80,6227
2014,6,female,under_19,10778
2014,6,male,20-29,6417
2014,6,male,30-39,8122
2014,6,male,40-49,9105
2014,6,male,50-59,7615
2014,6,male,60-69,8778
2014,6,male,70-79,6395
2014,6,male,over_80,3311
2014,6,male,under_19,11317
2014,7,female,20-29,6108
2014,7,female,30-39,7832
2014,7,female,40-49,8905
2014,7,female,50-59,7635
2014,7,female,60-69,9266
2014,7,female,70-79,7678
2014,7,female,over_80,6234
2014,7,female,under_19,10777
2014,7,male,20-29,6412
2014,7,male,30-39,8100
2014,7,male,40-49,9121
2014,7,male,50-59,7620
2014,7,male,60-69,8773
2014,7,male,70-79,6404
2014,7,male,over_80,3316
2014,7,male,under_19,11317
2014,8,female,20-29,6101
2014,8,female,30-39,7813
2014,8,female,40-49,8926
2014,8,female,50-59,7638
2014,8,female,60-69,9265
2014,8,female,70-79,7687
2014,8,female,over_80,6245
2014,8,female,under_19,10775
2014,8,male,20-29,6405
2014,8,male,30-39,8077
2014,8,male,40-49,9143
2014,8,male,50-59,7625
2014,8,male,60-69,8774
2014,8,male,70-79,6412
2014,8,male,over_80,3325
2014,8,male,under_19,11313
2014,9,female,20-29,6084
2014,9,female,30-39,7783
2014,9,female,40-49,8932
2014,9,female,50-59,7637
2014,9,female,60-69,9263
2014,9,female,70-79,7697
2014,9,female,over_80,6260
2014,9,female,under_19,10746
2014,9,male,20-29,6391
2014,9,male,30-39,8054
2014,9,male,40-49,9160
2014,9,male,50-59,7626
2014,9,male,60-69,8773
2014,9,male,70-79,6422
2014,9,male,over_80,3336
2014,9,male,under_19,11284
2014,10,female,20-29,6071
2014,10,female,30-39,7761
2014,10,female,40-49,8946
2014,10,female,50-59,7638
2014,10,female,60-69,9258
2014,10,female,70-79,7707
2014,10,female,over_80,6274
2014,10,female,under_19,10737
2014,10,male,20-29,6380
2014,10,male,30-39,8031
2014,10,male,40-49,9177
2014,10,male,50-59,7629
2014,10,male,60-69,8770
2014,10,male,70-79,6432
2014,10,male,over_80,3346
2014,10,male,under_19,11274
2014,11,female,20-29,6063
2014,11,female,30-39,7739
2014,11,female,40-49,8958
2014,11,female,50-59,7639
2014,11,female,60-69,9252
2014,11,female,70-79,7716
2014,11,female,over_80,6290
2014,11,female,under_19,10727
2014,11,male,20-29,6373
2014,11,male,30-39,8008
2014,11,male,40-49,9188
2014,11,male,50-59,7630
2014,11,male,60-69,8764
2014,11,male,70-79,6439
2014,11,male,over_80,3358
2014,11,male,under_19,11264
2014,12,female,20-29,6056
2014,12,female,30-39,7720
2014,12,female,40-49,8966
2014,12,female,50-59,7637
2014,12,female,60-69,9249
2014,12,female,70-79,7717
2014,12,female,over_80,6304
2014,12,female,under_19,10717
2014,12,male,20-29,6368
2014,12,male,30-39,7989
2014,12,male,40-49,9198
2014,12,male,50-59,7631
2014,12,male,60-69,8763
2014,12,male,70-79,6438
2014,12,male,over_80,3371
2014,12,male,under_19,11254
2015,1,female,20-29,6059
2015,1,female,30-39,7712
2015,1,female,40-49,8984
2015,1,female,50-59,7647
2015,1,female,60-69,9255
2015,1,female,70-79,7715
2015,1,female,over_80,6305
2015,1,female,under_19,10723
2015,1,male,20-29,6370
2015,1,male,30-39,7978
2015,1,male,40-49,9215
2015,1,male,50-59,7642
2015,1,male,60-69,8771
2015,1,male,70-79,6436
2015,1,male,over_80,3371
2015,1,male,under_19,11259
2015,2,female,20-29,6049
2015,2,female,30-39,7679
2015,2,female,40-49,8974
2015,2,female,50-59,7630
2015,2,female,60-69,9276
2015,2,female,70-79,7686
2015,2,female,over_80,6343
2015,2,female,under_19,10704
2015,2,male,20-29,6359
2015,2,male,30-39,7947
2015,2,male,40-49,9207
2015,2,male,50-59,7625
2015,2,male,60-69,8789
2015,2,male,70-79,6416
2015,2,male,over_80,3397
2015,2,male,under_19,11239
2015,3,female,20-29,6040
2015,3,female,30-39,7659
2015,3,female,40-49,8974
2015,3,female,50-59,7628
2015,3,female,60-69,9270
2015,3,female,70-79,7683
2015,3,female,over_80,6373
2015,3,female,under_19,10696
2015,3,male,20-29,6352
2015,3,male,30-39,7924
2015,3,male,40-49,9208
2015,3,male,50-59,7625
2015,3,male,60-69,8786
2015,3,male,70-79,6417
2015,3,male,over_80,3418
2015,3,male,under_19,11232
2015,4,female,20-29,6033
2015,4,female,30-39,7639
2015,4,female,40-49,8977
2015,4,female,50-59,7632
2015,4,female,60-69,9265
2015,4,female,70-79,7673
2015,4,female,over_80,6409
2015,4,female,under_19,10694
2015,4,male,20-29,6345
2015,4,male,30-39,7902
2015,4,male,40-49,9207
2015,4,male,50-59,7627
2015,4,male,60-69,8783
2015,4,male,70-79,6412
2015,4,male,over_80,3444
2015,4,male,under_19,11230
2015,5,female,20-29,6023
2015,5,female,30-39,7615
2015,5,female,40-49,8973
2015,5,female,50-59,7637
2015,5,female,60-69,9266
2015,5,female,70-79,7677
2015,5,female,over_80,6421
2015,5,female,under_19,10683
2015,5,male,20-29,6336
2015,5,male,30-39,7878
2015,5,male,40-49,9208
2015,5,male,50-59,7631
2015,5,male,60-69,8786
2015,5,male,70-79,6416
2015,5,male,over_80,3455
2015,5,male,under_19,11217
2015,6,female,20-29,6018
2015,6,female,30-39,7595
2015,6,female,40-49,8984
2015,6,female,50-59,7642
2015,6,female,60-69,9268
2015,6,female,70-79,7679
2015,6,female,over_80,6432
2015,6,female,under_19,10675
2015,6,male,20-29,6331
2015,6,male,30-39,7857
2015,6,male,40-49,9217
2015,6,male,50-59,7636
2015,6,male,60-69,8786
2015,6,male,70-79,6418
2015,6,male,over_80,3460
2015,6,male,under_19,11209
2015,7,female,20-29,6015
2015,7,female,30-39,7580
2015,7,female,40-49,8998
2015,7,female,50-59,7653
2015,7,female,60-69,9274
2015,7,female,70-79,7676
2015,7,female,over_80,6439
2015,7,female,under_19,10678
2015,7,male,20-29,6326
2015,7,male,30-39,7839
2015,7,male,40-49,9226
2015,7,male,50-59,7646
2015,7,male,60-69,8792
2015,7,male,70-79,6415
2015,7,male,over_80,3467
2015,7,male,under_19,11210
2015,8,female,20-29,6009
2015,8,female,30-39,7565
2015,8,female,40-49,9009
2015,8,female,50-59,7663
2015,8,female,60-69,9280
2015,8,female,70-79,7673
2015,8,female,over_80,6451
2015,8,female,under_19,10677
2015,8,male,20-29,6319
2015,8,male,30-39,7822
2015,8,male,40-49,9237
2015,8,male,50-59,7658
2015,8,male,60-69,8799
2015,8,male,70-79,6413
2015,8,male,over_80,3476
2015,8,male,under_19,11208
2015,9,female,20-29,5994
2015,9,female,30-39,7540
2015,9,female,40-49,9000
2015,9,female,50-59,7670
2015,9,female,60-69,9283
2015,9,female,70-79,7669
2015,9,female,over_80,6467
2015,9,female,under_19,10649
2015,9,male,20-29,6307
2015,9,male,30-39,7802
2015,9,male,40-49,9240
2015,9,male,50-59,7668
2015,9,male,60-69,8803
2015,9,male,70-79,6412
2015,9,male,over_80,3487
2015,9,male,under_19,11181
2015,10,female,20-29,5952
2015,10,female,30-39,7579
2015,10,female,40-49,9018
2015,10,female,50-59,7697
2015,10,female,60-69,9319
2015,10,female,70-79,7666
2015,10,female,over_80,6460
2015,10,female,under_19,10606
2015,10,male,20-29,6225
2015,10,male,30-39,7844
2015,10,male,40-49,9287
2015,10,male,50-59,7732
2015,10,male,60-69,8880
2015,10,male,70-79,6416
2015,10,male,over_80,3482
2015,10,male,under_19,11156
2015,11,female,20-29,5940
2015,11,female,30-39,7562
2015,11,female,40-49,9014
2015,11,female,50-59,7709
2015,11,female,60-69,9325
2015,11,female,70-79,7653
2015,11,female,over_80,6482
2015,11,female,under_19,10601
2015,11,male,20-29,6214
2015,11,male,30-39,7827
2015,11,male,40-49,9284
2015,11,male,50-59,7743
2015,11,male,60-69,8885
2015,11,male,70-79,6404
2015,11,male,over_80,3500
2015,11,male,under_19,11150
2015,12,female,20-29,5932
2015,12,female,30-39,7546
2015,12,female,40-49,9012
2015,12,female,50-59,7715
2015,12,female,60-69,9336
2015,12,female,70-79,7629
2015,12,female,over_80,6506
2015,12,female,under_19,10594
2015,12,male,20-29,6207
2015,12,male,30-39,7812
2015,12,male,40-49,9284
2015,12,male,50-59,7751
2015,12,male,60-69,8896
2015,12,male,70-79,6381
2015,12,male,over_80,3521
2015,12,male,under_19,11142
2016,1,female,20-29,5935
2016,1,female,30-39,7538
2016,1,female,40-49,9026
2016,1,female,50-59,7727
2016,1,female,60-69,9349
2016,1,female,70-79,7614
2016,1,female,over_80,6514
2016,1,female,under_19,10603
2016,1,male,20-29,6207
2016,1,male,30-39,7801
2016,1,male,40-49,9300
2016,1,male,50-59,7761
2016,1,male,60-69,8909
2016,1,male,70-79,6369
2016,1,male,over_80,3528
2016,1,male,under_19,11150
2016,2,female,20-29,5924
2016,2,female,30-39,7508
2016,2,female,40-49,9035
2016,2,female,50-59,7697
2016,2,female,60-69,9368
2016,2,female,70-79,7571
2016,2,female,over_80,6563
2016,2,female,under_19,10586
2016,2,male,20-29,6197
2016,2,male,30-39,7771
2016,2,male,40-49,9309
2016,2,male,50-59,7734
2016,2,male,60-69,8926
2016,2,male,70-79,6338
2016,2,male,over_80,3561
2016,2,male,under_19,11131
2016,3,female,20-29,5917
2016,3,female,30-39,7488
2016,3,female,40-49,9050
2016,3,female,50-59,7679
2016,3,female,60-69,9379
2016,3,female,70-79,7548
2016,3,female,over_80,6589
2016,3,female,under_19,10578
2016,3,male,20-29,6191
2016,3,male,30-39,7751
2016,3,male,40-49,9323
2016,3,male,50-59,7716
2016,3,male,60-69,8935
2016,3,male,70-79,6321
2016,3,male,over_80,3582
2016,3,male,under_19,11123
2016,4,female,20-29,5910
2016,4,female,30-39,7470
2016,4,female,40-49,9075
2016,4,female,50-59,7661
2016,4,female,60-69,9395
2016,4,female,70-79,7521
2016,4,female,over_80,6622
2016,4,female,under_19,10579
2016,4,male,20-29,6185
2016,4,male,30-39,7730
2016,4,male,40-49,9343
2016,4,male,50-59,7696
2016,4,male,60-69,8950
2016,4,male,70-79,6302
2016,4,male,over_80,3604
2016,4,male,under_19,11123
2016,5,female,20-29,5903
2016,5,female,30-39,7448
2016,5,female,40-49,9091
2016,5,female,50-59,7646
2016,5,female,60-69,9409
2016,5,female,70-79,7510
2016,5,female,over_80,6635
2016,5,female,under_19,10563
2016,5,male,20-29,6179
2016,5,male,30-39,7707
2016,5,male,40-49,9363
2016,5,male,50-59,7683
2016,5,male,60-69,8965
2016,5,male,70-79,6293
2016,5,male,over_80,3613
2016,5,male,under_19,11106
2016,6,female,20-29,5901
2016,6,female,30-39,7428
2016,6,female,40-49,9115
2016,6,female,50-59,7634
2016,6,female,60-69,9416
2016,6,female,70-79,7504
2016,6,female,over_80,6644
2016,6,female,under_19,10552
2016,6,male,20-29,6177
2016,6,male,30-39,7686
2016,6,male,40-49,9388
2016,6,male,50-59,7670
2016,6,male,60-69,8972
2016,6,male,70-79,6288
2016,6,male,over_80,3621
2016,6,male,under_19,11095
2016,7,female,20-29,5899
2016,7,female,30-39,7412
2016,7,female,40-49,9145
2016,7,female,50-59,7627
2016,7,female,60-69,9418
2016,7,female,70-79,7506
2016,7,female,over_80,6653
2016,7,female,under_19,10555
2016,7,male,20-29,6173
2016,7,male,30-39,7669
2016,7,male,40-49,9412
2016,7,male,50-59,7662
2016,7,male,60-69,8971
2016,7,male,70-79,6291
2016,7,male,over_80,3628
2016,7,male,under_19,11095
2016,8,female,20-29,5896
2016,8,female,30-39,7396
2016,8,female,40-49,9171
2016,8,female,50-59,7620
2016,8,female,60-69,9411
2016,8,female,70-79,7515
2016,8,female,over_80,6667
2016,8,female,under_19,10550
2016,8,male,20-29,6170
2016,8,male,30-39,7651
2016,8,male,40-49,9439
2016,8,male,50-59,7657
2016,8,male,60-69,8965
2016,8,male,70-79,6300
2016,8,male,over_80,3639
2016,8,male,under_19,11090
2016,9,female,20-29,5884
2016,9,female,30-39,7370
2016,9,female,40-49,9179
2016,9,female,50-59,7610
2016,9,female,60-69,9399
2016,9,female,70-79,7524
2016,9,female,over_80,6681
2016,9,female,under_19,10521
2016,9,male,20-29,6161
2016,9,male,30-39,7630
2016,9,male,40-49,9459
2016,9,male,50-59,7651
2016,9,male,60-69,8953
2016,9,male,70-79,6311
2016,9,male,over_80,3650
2016,9,male,under_19,11063
2016,10,female,20-29,5874
2016,10,female,30-39,7352
2016,10,female,40-49,9198
2016,10,female,50-59,7600
2016,10,female,60-69,9382
2016,10,female,70-79,7542
2016,10,female,over_80,6697
2016,10,female,under_19,10509
2016,10,male,20-29,6153
2016,10,male,30-39,7612
2016,10,male,40-49,9480
2016,10,male,50-59,7643
2016,10,male,60-69,8937
2016,10,male,70-79,6331
2016,10,male,over_80,3660
2016,10,male,under_19,11050
2016,11,female,20-29,5868
2016,11,female,30-39,7337
2016,11,female,40-49,9214
2016,11,female,50-59,7592
2016,11,female,60-69,9360
2016,11,female,70-79,7561
2016,11,female,over_80,6709
2016,11,female,under_19,10497
2016,11,male,20-29,6148
2016,11,male,30-39,7596
2016,11,male,40-49,9495
2016,11,male,50-59,7635
2016,11,male,60-69,8917
2016,11,male,70-79,6348
2016,11,male,over_80,3670
2016,11,male,under_19,11039
2016,12,female,20-29,5864
2016,12,female,30-39,7322
2016,12,female,40-49,9224
2016,12,female,50-59,7586
2016,12,female,60-69,9337
2016,12,female,70-79,7579
2016,12,female,over_80,6721
2016,12,female,under_19,10489
2016,12,male,20-29,6145
2016,12,male,30-39,7582
2016,12,male,40-49,9507
2016,12,male,50-59,7631
2016,12,male,60-69,8894
2016,12,male,70-79,6364
2016,12,male,over_80,3682
2016,12,male,under_19,11028
2017,1,female,20-29,5869
2017,1,female,30-39,7316
2017,1,female,40-49,9244
2017,1,female,50-59,7593
2017,1,female,60-69,9327
2017,1,female,70-79,7589
2017,1,female,over_80,6720
2017,1,female,under_19,10495
2017,1,male,20-29,6148
2017,1,male,30-39,7574
2017,1,male,40-49,9517
2017,1,male,50-59,7645
2017,1,male,60-69,8882
2017,1,male,70-79,6376
2017,1,male,over_80,3683
2017,1,male,under_19,11033
2017,2,female,20-29,5861
2017,2,female,30-39,7294
2017,2,female,40-49,9210
2017,2,female,50-59,7601
2017,2,female,60-69,9281
2017,2,female,70-79,7611
2017,2,female,over_80,6761
2017,2,female,under_19,10474
2017,2,male,20-29,6140
2017,2,male,30-39,7554
2017,2,male,40-49,9494
2017,2,male,50-59,7652
2017,2,male,60-69,8841
2017,2,male,70-79,6402
2017,2,male,over_80,3711
2017,2,male,under_19,11013
2017,3,female,20-29,5853
2017,3,female,30-39,7277
2017,3,female,40-49,9189
2017,3,female,50-59,7615
2017,3,female,60-69,9251
2017,3,female,70-79,7627
2017,3,female,over_80,6786
2017,3,female,under_19,10465
2017,3,male,20-29,6135
2017,3,male,30-39,7535
2017,3,male,40-49,9471
2017,3,male,50-59,7665
2017,3,male,60-69,8810
2017,3,male,70-79,6422
2017,3,male,over_80,3729
2017,3,male,under_19,11001
2017,4,female,20-29,5847
2017,4,female,30-39,7266
2017,4,female,40-49,9173
2017,4,female,50-59,7638
2017,4,female,60-69,9217
2017,4,female,70-79,7638
2017,4,female,over_80,6819
2017,4,female,under_19,10462
2017,4,male,20-29,6129
2017,4,male,30-39,7519
2017,4,male,40-49,9450
2017,4,male,50-59,7687
2017,4,male,60-69,8778
2017,4,male,70-79,6438
2017,4,male,over_80,3753
2017,4,male,under_19,10998
2017,5,female,20-29,5840
2017,5,female,30-39,7246
2017,5,female,40-49,9160
2017,5,female,50-59,7653
2017,5,female,60-69,9191
2017,5,female,70-79,7663
2017,5,female,over_80,6835
2017,5,female,under_19,10446
2017,5,male,20-29,6124
2017,5,male,30-39,7499
2017,5,male,40-49,9439
2017,5,male,50-59,7702
2017,5,male,60-69,8754
2017,5,male,70-79,6462
2017,5,male,over_80,3764
2017,5,male,under_19,10982
2017,6,female,20-29,5840
2017,6,female,30-39,7228
2017,6,female,40-49,9156
2017,6,female,50-59,7671
2017,6,female,60-69,9165
2017,6,female,70-79,7686
2017,6,female,over_80,6846
2017,6,female,under_19,10435
2017,6,male,20-29,6122
2017,6,male,30-39,7481
2017,6,male,40-49,9435
2017,6,male,50-59,7721
2017,6,male,60-69,8730
2017,6,male,70-79,6484
2017,6,male,over_80,3773
2017,6,male,under_19,10970
2017,7,female,20-29,5840
2017,7,female,30-39,7214
2017,7,female,40-49,9163
2017,7,female,50-59,7687
2017,7,female,60-69,9136
2017,7,female,70-79,7713
2017,7,female,over_80,6853
2017,7,female,under_19,10436
2017,7,male,20-29,6121
2017,7,male,30-39,7465
2017,7,male,40-49,9437
2017,7,male,50-59,7739
2017,7,male,60-69,8701
2017,7,male,70-79,6510
2017,7,male,over_80,3780
2017,7,male,under_19,10969
2017,8,female,20-29,5839
2017,8,female,30-39,7198
2017,8,female,40-49,9164
2017,8,female,50-59,7706
2017,8,female,60-69,9099
2017,8,female,70-79,7749
2017,8,female,over_80,6864
2017,8,female,under_19,10430
2017,8,male,20-29,6118
2017,8,male,30-39,7447
2017,8,male,40-49,9436
2017,8,male,50-59,7759
2017,8,male,60-69,8667
2017,8,male,70-79,6544
2017,8,male,over_80,3789
2017,8,male,under_19,10961
2017,9,female,20-29,5827
2017,9,female,30-39,7173
2017,9,female,40-49,9150
2017,9,female,50-59,7720
2017,9,female,60-69,9057
2017,9,female,70-79,7784
2017,9,female,over_80,6880
2017,9,female,under_19,10400
2017,9,male,20-29,6109
2017,9,male,30-39,7428
2017,9,male,40-49,9432
2017,9,male,50-59,7778
2017,9,male,60-69,8630
2017,9,male,70-79,6578
2017,9,male,over_80,3801
2017,9,male,under_19,10933
2017,10,female,20-29,5818
2017,10,female,30-39,7155
2017,10,female,40-49,9147
2017,10,female,50-59,7736
2017,10,female,60-69,9014
2017,10,female,70-79,7814
2017,10,female,over_80,6900
2017,10,female,under_19,10387
2017,10,male,20-29,6102
2017,10,male,30-39,7410
2017,10,male,40-49,9432
2017,10,male,50-59,7797
2017,10,male,60-69,8591
2017,10,male,70-79,6608
2017,10,male,over_80,3816
2017,10,male,under_19,10920
2017,11,female,20-29,5813
2017,11,female,30-39,7138
2017,11,female,40-49,9144
2017,11,female,50-59,7752
2017,11,female,60-69,8972
2017,11,female,70-79,7842
2017,11,female,over_80,6921
2017,11,female,under_19,10377
2017,11,male,20-29,6098
2017,11,male,30-39,7392
2017,11,male,40-49,9430
2017,11,male,50-59,7811
2017,11,male,60-69,8551
2017,11,male,70-79,6634
2017,11,male,over_80,3832
2017,11,male,under_19,10910
2017,12,female,20-29,5810
2017,12,female,30-39,7124
2017,12,female,40-49,9139
2017,12,female,50-59,7762
2017,12,female,60-69,8937
2017,12,female,70-79,7859
2017,12,female,over_80,6940
2017,12,female,under_19,10368
2017,12,male,20-29,6095
2017,12,male,30-39,7378
2017,12,male,40-49,9426
2017,12,male,50-59,7822
2017,12,male,60-69,8518
2017,12,male,70-79,6650
2017,12,male,over_80,3850
2017,12,male,under_19,10900
2018,1,female,20-29,5818
2018,1,female,30-39,7118
2018,1,female,40-49,9145
2018,1,female,50-59,7780
2018,1,female,60-69,8915
2018,1,female,70-79,7873
2018,1,female,over_80,6946
2018,1,female,under_19,10374
2018,1,male,20-29,6103
2018,1,male,30-39,7370
2018,1,male,40-49,9429
2018,1,male,50-59,7840
2018,1,male,60-69,8497
2018,1,male,70-79,6667
2018,1,male,over_80,3852
2018,1,male,under_19,10903
2018,2,female,20-29,5812
2018,2,female,30-39,7093
2018,2,female,40-49,9124
2018,2,female,50-59,7770
2018,2,female,60-69,8861
2018,2,female,70-79,7909
2018,2,female,over_80,6985
2018,2,female,under_19,10352
2018,2,male,20-29,6096
2018,2,male,30-39,7345
2018,2,male,40-49,9410
2018,2,male,50-59,7832
2018,2,male,60-69,8446
2018,2,male,70-79,6703
2018,2,male,over_80,3881
2018,2,male,under_19,10881
2018,3,female,20-29,5806
2018,3,female,30-39,7076
2018,3,female,40-49,9114
2018,3,female,50-59,7772
2018,3,female,60-69,8818
2018,3,female,70-79,7939
2018,3,female,over_80,7006
2018,3,female,under_19,10342
2018,3,male,20-29,6093
2018,3,male,30-39,7328
2018,3,male,40-49,9400
2018,3,male,50-59,7837
2018,3,male,60-69,8406
2018,3,male,70-79,6734
2018,3,male,over_80,3896
2018,3,male,under_19,10869
2018,4,female,20-29,5803
2018,4,female,30-39,7063
2018,4,female,40-49,9109
2018,4,female,50-59,7778
2018,4,female,60-69,8779
2018,4,female,70-79,7964
2018,4,female,over_80,7033
2018,4,female,under_19,10336
2018,4,male,20-29,6090
2018,4,male,30-39,7313
2018,4,male,40-49,9390
2018,4,male,50-59,7843
2018,4,male,60-69,8371
2018,4,male,70-79,6761
2018,4,male,over_80,3914
2018,4,male,under_19,10863
2018,5,female,20-29,5799
2018,5,female,30-39,7045
2018,5,female,40-49,9094
2018,5,female,50-59,7788
2018,5,female,60-69,8750
2018,5,female,70-79,7996
2018,5,female,over_80,7044
2018,5,female,under_19,10319
2018,5,male,20-29,6088
2018,5,male,30-39,7294
2018,5,male,40-49,9377
2018,5,male,50-59,7853
2018,5,male,60-69,8345
2018,5,male,70-79,6791
2018,5,male,over_80,3923
2018,5,male,under_19,10846
2018,6,female,20-29,5799
2018,6,female,30-39,7026
2018,6,female,40-49,9093
2018,6,female,50-59,7801
2018,6,female,60-69,8725
2018,6,female,70-79,8025
2018,6,female,over_80,7049
2018,6,female,under_19,10309
2018,6,male,20-29,6088
2018,6,male,30-39,7274
2018,6,male,40-49,9374
2018,6,male,50-59,7866
2018,6,male,60-69,8322
2018,6,male,70-79,6819
2018,6,male,over_80,3926
2018,6,male,under_19,10834
2018,7,female,20-29,5801
2018,7,female,30-39,7012
2018,7,female,40-49,9099
2018,7,female,50-59,7814
2018,7,female,60-69,8700
2018,7,female,70-79,8056
2018,7,female,over_80,7051
2018,7,female,under_19,10308
2018,7,male,20-29,6089
2018,7,male,30-39,7258
2018,7,male,40-49,9373
2018,7,male,50-59,7880
2018,7,male,60-69,8301
2018,7,male,70-79,6846
2018,7,male,over_80,3930
2018,7,male,under_19,10831
2018,8,female,20-29,5803
2018,8,female,30-39,6995
2018,8,female,40-49,9096
2018,8,female,50-59,7831
2018,8,female,60-69,8675
2018,8,female,70-79,8090
2018,8,female,over_80,7055
2018,8,female,under_19,10299
2018,8,male,20-29,6090
2018,8,male,30-39,7241
2018,8,male,40-49,9369
2018,8,male,50-59,7899
2018,8,male,60-69,8276
2018,8,male,70-79,6876
2018,8,male,over_80,3934
2018,8,male,under_19,10822
2018,9,female,20-29,5791
2018,9,female,30-39,6976
2018,9,female,40-49,9079
2018,9,female,50-59,7843
2018,9,female,60-69,8644
2018,9,female,70-79,8125
2018,9,female,over_80,7062
2018,9,female,under_19,10267
2018,9,male,20-29,6081
2018,9,male,30-39,7225
2018,9,male,40-49,9363
2018,9,male,50-59,7916
2018,9,male,60-69,8248
2018,9,male,70-79,6908
2018,9,male,over_80,3940
2018,9,male,under_19,10791
2018,10,female,20-29,5782
2018,10,female,30-39,6961
2018,10,female,40-49,9073
2018,10,female,50-59,7853
2018,10,female,60-69,8615
2018,10,female,70-79,8159
2018,10,female,over_80,7069
2018,10,female,under_19,10251
2018,10,male,20-29,6074
2018,10,male,30-39,7213
2018,10,male,40-49,9359
2018,10,male,50-59,7930
2018,10,male,60-69,8222
2018,10,male,70-79,6940
2018,10,male,over_80,3945
2018,10,male,under_19,10773
2018,11,female,20-29,5776
2018,11,female,30-39,6949
2018,11,female,40-49,9067
2018,11,female,50-59,7862
2018,11,female,60-69,8585
2018,11,female,70-79,8193
2018,11,female,over_80,7076
2018,11,female,under_19,10238
2018,11,male,20-29,6070
2018,11,male,30-39,7200
2018,11,male,40-49,9352
2018,11,male,50-59,7938
2018,11,male,60-69,8194
2018,11,male,70-79,6970
2018,11,male,over_80,3953
2018,11,male,under_19,10760
2018,12,female,20-29,5772
2018,12,female,30-39,6936
2018,12,female,40-49,9060
2018,12,female,50-59,7870
2018,12,female,60-69,8553
2018,12,female,70-79,8225
2018,12,female,over_80,7083
2018,12,female,under_19,10230
2018,12,male,20-29,6067
2018,12,male,30-39,7187
2018,12,male,40-49,9345
2018,12,male,50-59,7947
2018,12,male,60-69,8165
2018,12,male,70-79,6997
2018,12,male,over_80,3960
2018,12,male,under_19,10750
2019,1,female,20-29,5782
2019,1,female,30-39,6929
2019,1,female,40-49,9060
2019,1,female,50-59,7887
2019,1,female,60-69,8536
2019,1,female,70-79,8250
2019,1,female,over_80,7078
2019,1,female,under_19,10233
2019,1,male,20-29,6075
2019,1,male,30-39,7178
2019,1,male,40-49,9343
2019,1,male,50-59,7965
2019,1,male,60-69,8147
2019,1,male,70-79,7019
2019,1,male,over_80,3960
2019,1,male,under_19,10751
2019,2,female,20-29,5776
2019,2,female,30-39,6905
2019,2,female,40-49,9034
2019,2,female,50-59,7880
2019,2,female,60-69,8480
2019,2,female,70-79,8291
2019,2,female,over_80,7113
2019,2,female,under_19,10210
2019,2,male,20-29,6070
2019,2,male,30-39,7155
2019,2,male,40-49,9318
2019,2,male,50-59,7962
2019,2,male,60-69,8097
2019,2,male,70-79,7061
2019,2,male,over_80,3982
2019,2,male,under_19,10727
2019,3,female,20-29,5772
2019,3,female,30-39,6890
2019,3,female,40-49,9017
2019,3,female,50-59,7884
2019,3,female,60-69,8445
2019,3,female,70-79,8322
2019,3,female,over_80,7129
2019,3,female,under_19,10195
2019,3,male,20-29,6069
2019,3,male,30-39,7137
2019,3,male,40-49,9302
2019,3,male,50-59,7965
2019,3,male,60-69,8065
2019,3,male,70-79,7090
2019,3,male,over_80,3995
2019,3,male,under_19,10713
2019,4,female,20-29,5770
2019,4,female,30-39,6877
2019,4,female,40-49,9007
2019,4,female,50-59,7891
2019,4,female,60-69,8408
2019,4,female,70-79,8353
2019,4,female,over_80,7149
2019,4,female,under_19,10187
2019,4,male,20-29,6067
2019,4,male,30-39,7122
2019,4,male,40-49,9287
2019,4,male,50-59,7973
2019,4,male,60-69,8035
2019,4,male,70-79,7121
2019,4,male,over_80,4009
2019,4,male,under_19,10704
2019,5,female,20-29,5769
2019,5,female,30-39,6863
2019,5,female,40-49,8986
2019,5,female,50-59,7901
2019,5,female,60-69,8382
2019,5,female,70-79,8390
2019,5,female,over_80,7154
2019,5,female,under_19,10168
2019,5,male,20-29,6066
2019,5,male,30-39,7107
2019,5,male,40-49,9268
2019,5,male,50-59,7983
2019,5,male,60-69,8011
2019,5,male,70-79,7154
2019,5,male,over_80,4013
2019,5,male,under_19,10684
2019,6,female,20-29,5769
2019,6,female,30-39,6848
2019,6,female,40-49,8978
2019,6,female,50-59,7914
2019,6,female,60-69,8355
2019,6,female,70-79,8424
2019,6,female,over_80,7155
2019,6,female,under_19,10158
2019,6,male,20-29,6068
2019,6,male,30-39,7091
2019,6,male,40-49,9259
2019,6,male,50-59,7998
2019,6,male,60-69,7987
2019,6,male,70-79,7184
2019,6,male,over_80,4014
2019,6,male,under_19,10671
2019,7,female,20-29,5773
2019,7,female,30-39,6834
2019,7,female,40-49,8979
2019,7,female,50-59,7932
2019,7,female,60-69,8329
2019,7,female,70-79,8455
2019,7,female,over_80,7155
2019,7,female,under_19,10157
2019,7,male,20-29,6070
2019,7,male,30-39,7075
2019,7,male,40-49,9251
2019,7,male,50-59,8014
2019,7,male,60-69,7962
2019,7,male,70-79,7211
2019,7,male,over_80,4016
2019,7,male,under_19,10668
2019,8,female,20-29,5775
2019,8,female,30-39,6819
2019,8,female,40-49,8973
2019,8,female,50-59,7949
2019,8,female,60-69,8298
2019,8,female,70-79,8489
2019,8,female,over_80,7161
2019,8,female,under_19,10148
2019,8,male,20-29,6072
2019,8,male,30-39,7059
2019,8,male,40-49,9245
2019,8,male,50-59,8033
2019,8,male,60-69,7935
2019,8,male,70-79,7243
2019,8,male,over_80,4022
2019,8,male,under_19,10660
2019,9,female,20-29,5765
2019,9,female,30-39,6797
2019,9,female,40-49,8955
2019,9,female,50-59,7960
2019,9,female,60-69,8265
2019,9,female,70-79,8523
2019,9,female,over_80,7168
2019,9,female,under_19,10115
2019,9,male,20-29,6067
2019,9,male,30-39,7041
2019,9,male,40-49,9239
2019,9,male,50-59,8049
2019,9,male,60-69,7905
2019,9,male,70-79,7272
2019,9,male,over_80,4028
2019,9,male,under_19,10626
2019,10,female,20-29,5759
2019,10,female,30-39,6780
2019,10,female,40-49,8948
2019,10,female,50-59,7972
2019,10,female,60-69,8230
2019,10,female,70-79,8555
2019,10,female,over_80,7180
2019,10,female,under_19,10100
2019,10,male,20-29,6063
2019,10,male,30-39,7024
2019,10,male,40-49,9233
2019,10,male,50-59,8064
2019,10,male,60-69,7874
2019,10,male,70-79,7301
2019,10,male,over_80,4039
2019,10,male,under_19,10610
2019,11,female,20-29,5756
2019,11,female,30-39,6762
2019,11,female,40-49,8942
2019,11,female,50-59,7984
2019,11,female,60-69,8195
2019,11,female,70-79,8584
2019,11,female,over_80,7193
2019,11,female,under_19,10088
2019,11,male,20-29,6060
2019,11,male,30-39,7006
2019,11,male,40-49,9227
2019,11,male,50-59,8074
2019,11,male,60-69,7842
2019,11,male,70-79,7326
2019,11,male,over_80,4050
2019,11,male,under_19,10597
2019,12,female,20-29,5755
2019,12,female,30-39,6748
2019,12,female,40-49,8936
2019,12,female,50-59,7992
2019,12,female,60-69,8161
2019,12,female,70-79,8605
2019,12,female,over_80,7208
2019,12,female,under_19,10077
2019,12,male,20-29,6060
2019,12,male,30-39,6994
2019,12,male,40-49,9219
2019,12,male,50-59,8086
2019,12,male,60-69,7811
2019,12,male,70-79,7345
2019,12,male,over_80,4063
2019,12,male,under_19,10585
2020,1,female,20-29,5764
2020,1,female,30-39,6742
2020,1,female,40-49,8935
2020,1,female,50-59,8013
2020,1,female,60-69,8130
2020,1,female,70-79,8636
2020,1,female,over_80,7205
2020,1,female,under_19,10081
2020,1,male,20-29,6068
2020,1,male,30-39,6985
2020,1,male,40-49,9214
2020,1,male,50-59,8108
2020,1,male,60-69,7787
2020,1,male,70-79,7368
2020,1,male,over_80,4064
2020,1,male,under_19,10587
2020,2,female,20-29,5763
2020,2,female,30-39,6719
2020,2,female,40-49,8905
2020,2,female,50-59,8009
2020,2,female,60-69,8098
2020,2,female,70-79,8642
2020,2,female,over_80,7249
2020,2,female,under_19,10057
2020,2,male,20-29,6066
2020,2,male,30-39,6962
2020,2,male,40-49,9184
2020,2,male,50-59,8104
2020,2,male,60-69,7752
2020,2,male,70-79,7383
2020,2,male,over_80,4095
2020,2,male,under_19,10561
2020,3,female,20-29,5765
2020,3,female,30-39,6702
2020,3,female,40-49,8888
2020,3,female,50-59,8013
2020,3,female,60-69,8069
2020,3,female,70-79,8657
2020,3,female,over_80,7274
2020,3,female,under_19,10041
2020,3,male,20-29,6068
2020,3,male,30-39,6941
2020,3,male,40-49,9160
2020,3,male,50-59,8100
2020,3,male,60-69,7724
2020,3,male,70-79,7398
2020,3,male,over_80,4115
2020,3,male,under_19,10545
2020,4,female,20-29,5772
2020,4,female,30-39,6690
2020,4,female,40-49,8872
2020,4,female,50-59,8020
2020,4,female,60-69,8044
2020,4,female,70-79,8667
2020,4,female,over_80,7301
2020,4,female,under_19,10031
2020,4,male,20-29,6075
2020,4,male,30-39,6927
2020,4,male,40-49,9139
2020,4,male,50-59,8105
2020,4,male,60-69,7702
2020,4,male,70-79,7409
2020,4,male,over_80,4136
2020,4,male,under_19,10533
2020,5,female,20-29,5774
2020,5,female,30-39,6678
2020,5,female,40-49,8854
2020,5,female,50-59,8030
2020,5,female,60-69,8029
2020,5,female,70-79,8683
2020,5,female,over_80,7317
2020,5,female,under_19,10020
2020,5,male,20-29,6077
2020,5,male,30-39,6915
2020,5,male,40-49,9122
2020,5,male,50-59,8119
2020,5,male,60-69,7690
2020,5,male,70-79,7423
2020,5,male,over_80,4146
2020,5,male,under_19,10523
2020,6,female,20-29,5774
2020,6,female,30-39,6666
2020,6,female,40-49,8841
2020,6,female,50-59,8046
2020,6,female,60-69,8015
2020,6,female,70-79,8698
2020,6,female,over_80,7326
2020,6,female,under_19,10005
2020,6,male,20-29,6079
2020,6,male,30-39,6902
2020,6,male,40-49,9109
2020,6,male,50-59,8137
2020,6,male,60-69,7677
2020,6,male,70-79,7437
2020,6,male,over_80,4154
2020,6,male,under_19,10506
2020,7,female,20-29,5775
2020,7,female,30-39,6654
2020,7,female,40-49,8829
2020,7,female,50-59,8064
2020,7,female,60-69,7998
2020,7,female,70-79,8711
2020,7,female,over_80,7336
2020,7,female,under_19,9995
2020,7,male,20-29,6080
2020,7,male,30-39,6888
2020,7,male,40-49,9097
2020,7,male,50-59,8157
2020,7,male,60-69,7664
2020,7,male,70-79,7448
2020,7,male,over_80,4163
2020,7,male,under_19,10493
2020,8,female,20-29,5776
2020,8,female,30-39,6640
2020,8,female,40-49,8816
2020,8,female,50-59,8086
2020,8,female,60-69,7976
2020,8,female,70-79,8728
2020,8,female,over_80,7351
2020,8,female,under_19,9982
2020,8,male,20-29,6082
2020,8,male,30-39,6874
2020,8,male,40-49,9081
2020,8,male,50-59,8180
2020,8,male,60-69,7644
2020,8,male,70-79,7465
2020,8,male,over_80,4176
2020,8,male,under_19,10481
2020,9,female,20-29,5775
2020,9,female,30-39,6625
2020,9,female,40-49,8801
2020,9,female,50-59,8102
2020,9,female,60-69,7955
2020,9,female,70-79,8745
2020,9,female,over_80,7365
2020,9,female,under_19,9966
2020,9,male,20-29,6082
2020,9,male,30-39,6857
2020,9,male,40-49,9067
2020,9,male,50-59,8197
2020,9,male,60-69,7624
2020,9,male,70-79,7481
2020,9,male,over_80,4186
2020,9,male,under_19,10461
2020,10,female,20-29,5814
2020,10,female,30-39,6671
2020,10,female,40-49,8821
2020,10,female,50-59,8137
2020,10,female,60-69,7914
2020,10,female,70-79,8725
2020,10,female,over_80,7354
2020,10,female,under_19,9961
2020,10,male,20-29,6054
2020,10,male,30-39,6921
2020,10,male,40-49,9118
2020,10,male,50-59,8241
2020,10,male,60-69,7609
2020,10,male,70-79,7446
2020,10,male,over_80,4145
2020,10,male,under_19,10469
2020,11,female,20-29,5814
2020,11,female,30-39,6657
2020,11,female,40-49,8811
2020,11,female,50-59,8150
2020,11,female,60-69,7890
2020,11,female,70-79,8736
2020,11,female,over_80,7372
2020,11,female,under_19,9946
2020,11,male,20-29,6054
2020,11,male,30-39,6906
2020,11,male,40-49,9107
2020,11,male,50-59,8255
2020,11,male,60-69,7587
2020,11,male,70-79,7456
2020,11,male,over_80,4160
2020,11,male,under_19,10453
2020,12,female,20-29,5815
2020,12,female,30-39,6646
2020,12,female,40-49,8797
2020,12,female,50-59,8161
2020,12,female,60-69,7867
2020,12,female,70-79,8743
2020,12,female,over_80,7390
2020,12,female,under_19,9931
2020,12,male,20-29,6055
2020,12,male,30-39,6894
2020,12,male,40-49,9093
2020,12,male,50-59,8268
2020,12,male,60-69,7566
2020,12,male,70-79,7462
2020,12,male,over_80,4176
2020,12,male,under_19,10438
2021,1,female,20-29,5817
2021,1,female,30-39,6636
2021,1,female,40-49,8778
2021,1,female,50-59,8182
2021,1,female,60-69,7848
2021,1,female,70-79,8756
2021,1,female,over_80,7393
2021,1,female,under_19,9919
2021,1,male,20-29,6058
2021,1,male,30-39,6885
2021,1,male,40-49,9075
2021,1,male,50-59,8290
2021,1,male,60-69,7544
2021,1,male,70-79,7477
2021,1,male,over_80,4180
2021,1,male,under_19,10424
2021,2,female,20-29,5815
2021,2,female,30-39,6621
2021,2,female,40-49,8754
2021,2,female,50-59,8187
2021,2,female,60-69,7807
2021,2,female,70-79,8762
2021,2,female,over_80,7438
2021,2,female,under_19,9897
2021,2,male,20-29,6055
2021,2,male,30-39,6869
2021,2,male,40-49,9048
2021,2,male,50-59,8295
2021,2,male,60-69,7511
2021,2,male,70-79,7485
2021,2,male,over_80,4209
2021,2,male,under_19,10403
2021,3,female,20-29,5814
2021,3,female,30-39,6610
2021,3,female,40-49,8735
2021,3,female,50-59,8197
2021,3,female,60-69,7782
2021,3,female,70-79,8768
2021,3,female,over_80,7466
2021,3,female,under_19,9881
2021,3,male,20-29,6054
2021,3,male,30-39,6857
2021,3,male,40-49,9029
2021,3,male,50-59,8306
2021,3,male,60-69,7489
2021,3,male,70-79,7493
2021,3,male,over_80,4231
2021,3,male,under_19,10386
2021,4,female,20-29,5813
2021,4,female,30-39,6599
2021,4,female,40-49,8715
2021,4,female,50-59,8208
2021,4,female,60-69,7762
2021,4,female,70-79,8769
2021,4,female,over_80,7496
2021,4,female,under_19,9869
2021,4,male,20-29,6053
2021,4,male,30-39,6845
2021,4,male,40-49,9008
2021,4,male,50-59,8318
2021,4,male,60-69,7470
2021,4,male,70-79,7498
2021,4,male,over_80,4253
2021,4,male,under_19,10374
2021,5,female,20-29,5810
2021,5,female,30-39,6586
2021,5,female,40-49,8694
2021,5,female,50-59,8220
2021,5,female,60-69,7751
2021,5,female,70-79,8776
2021,5,female,over_80,7511
2021,5,female,under_19,9856
2021,5,male,20-29,6050
2021,5,male,30-39,6832
2021,5,male,40-49,8988
2021,5,male,50-59,8332
2021,5,male,60-69,7462
2021,5,male,70-79,7507
2021,5,male,over_80,4265
2021,5,male,under_19,10361
2021,6,female,20-29,5809
2021,6,female,30-39,6573
2021,6,female,40-49,8677
2021,6,female,50-59,8238
2021,6,female,60-69,7739
2021,6,female,70-79,8781
2021,6,female,over_80,7520
2021,6,female,under_19,9841
2021,6,male,20-29,6050
2021,6,male,30-39,6819
2021,6,male,40-49,8970
2021,6,male,50-59,8352
2021,6,male,60-69,7453
2021,6,male,70-79,7512
2021,6,male,over_80,4270
2021,6,male,under_19,10345
2021,7,female,20-29,5809
2021,7,female,30-39,6562
2021,7,female,40-49,8662
2021,7,female,50-59,8260
2021,7,female,60-69,7729
2021,7,female,70-79,8783
2021,7,female,over_80,7531
2021,7,female,under_19,9833
2021,7,male,20-29,6048
2021,7,male,30-39,6808
2021,7,male,40-49,8954
2021,7,male,50-59,8376
2021,7,male,60-69,7441
2021,7,male,70-79,7515
2021,7,male,over_80,4281
2021,7,male,under_19,10335
2021,8,female,20-29,5806
2021,8,female,30-39,6549
2021,8,female,40-49,8645
2021,8,female,50-59,8284
2021,8,female,60-69,7713
2021,8,female,70-79,8787
2021,8,female,over_80,7550
2021,8,female,under_19,9819
2021,8,male,20-29,6047
2021,8,male,30-39,6796
2021,8,male,40-49,8934
2021,8,male,50-59,8400
2021,8,male,60-69,7429
2021,8,male,70-79,7520
2021,8,male,over_80,4296
2021,8,male,under_19,10319
2021,9,female,20-29,5801
2021,9,female,30-39,6537
2021,9,female,40-49,8622
2021,9,female,50-59,8304
2021,9,female,60-69,7700
2021,9,female,70-79,8786
2021,9,female,over_80,7572
2021,9,female,under_19,9799
2021,9,male,20-29,6043
2021,9,male,30-39,6782
2021,9,male,40-49,8915
2021,9,male,50-59,8422
2021,9,male,60-69,7417
2021,9,male,70-79,7520
2021,9,male,over_80,4313
2021,9,male,under_19,10300
2021,10,female,20-29,5798
2021,10,female,30-39,6522
2021,10,female,40-49,8604
2021,10,female,50-59,8323
2021,10,female,60-69,7689
2021,10,female,70-79,8782
2021,10,female,over_80,7593
2021,10,female,under_19,9784
2021,10,male,20-29,6042
2021,10,male,30-39,6767
2021,10,male,40-49,8895
2021,10,male,50-59,8443
2021,10,male,60-69,7410
2021,10,male,70-79,7517
2021,10,male,over_80,4327
2021,10,male,under_19,10284
2021,11,female,20-29,5796
2021,11,female,30-39,6511
2021,11,female,40-49,8586
2021,11,female,50-59,8344
2021,11,female,60-69,7676
2021,11,female,70-79,8775
2021,11,female,over_80,7615
2021,11,female,under_19,9766
2021,11,male,20-29,6040
2021,11,male,30-39,6755
2021,11,male,40-49,8876
2021,11,male,50-59,8464
2021,11,male,60-69,7397
2021,11,male,70-79,7513
2021,11,male,over_80,4345
2021,11,male,under_19,10266
2021,12,female,20-29,5794
2021,12,female,30-39,6502
2021,12,female,40-49,8567
2021,12,female,50-59,8360
2021,12,female,60-69,7660
2021,12,female,70-79,8768
2021,12,female,over_80,7636
2021,12,female,under_19,9754
2021,12,male,20-29,6040
2021,12,male,30-39,6745
2021,12,male,40-49,8856
2021,12,male,50-59,8482
2021,12,male,60-69,7382
2021,12,male,70-79,7509
2021,12,male,over_80,4364
2021,12,male,under_19,10252
2022,1,female,20-29,5794
2022,1,female,30-39,6494
2022,1,female,40-49,8550
2022,1,female,50-59,8379
2022,1,female,60-69,7649
2022,1,female,70-79,8770
2022,1,female,over_80,7644
2022,1,female,under_19,9744
2022,1,male,20-29,6040
2022,1,male,30-39,6740
2022,1,male,40-49,8839
2022,1,male,50-59,8504
2022,1,male,60-69,7373
2022,1,male,70-79,7509
2022,1,male,over_80,4371
2022,1,male,under_19,10243
2022,2,female,20-29,5790
2022,2,female,30-39,6479
2022,2,female,40-49,8523
2022,2,female,50-59,8383
2022,2,female,60-69,7624
2022,2,female,70-79,8758
2022,2,female,over_80,7691
2022,2,female,under_19,9724
2022,2,male,20-29,6035
2022,2,male,30-39,6724
2022,2,male,40-49,8811
2022,2,male,50-59,8507
2022,2,male,60-69,7351
2022,2,male,70-79,7506
2022,2,male,over_80,4405
2022,2,male,under_19,10222
2022,3,female,20-29,5786
2022,3,female,30-39,6467
2022,3,female,40-49,8499
2022,3,female,50-59,8392
2022,3,female,60-69,7605
2022,3,female,70-79,8758
2022,3,female,over_80,7713
2022,3,female,under_19,9708
2022,3,male,20-29,6033
2022,3,male,30-39,6714
2022,3,male,40-49,8784
2022,3,male,50-59,8517
2022,3,male,60-69,7335
2022,3,male,70-79,7507
2022,3,male,over_80,4421
2022,3,male,under_19,10205
2022,4,female,20-29,5784
2022,4,female,30-39,6459
2022,4,female,40-49,8477
2022,4,female,50-59,8405
2022,4,female,60-69,7590
2022,4,female,70-79,8754
2022,4,female,over_80,7737
2022,4,female,under_19,9697
2022,4,male,20-29,6032
2022,4,male,30-39,6703
2022,4,male,40-49,8762
2022,4,male,50-59,8531
2022,4,male,60-69,7323
2022,4,male,70-79,7505
2022,4,male,over_80,4437
2022,4,male,under_19,10192
2022,5,female,20-29,5781
2022,5,female,30-39,6449
2022,5,female,40-49,8453
2022,5,female,50-59,8417
2022,5,female,60-69,7580
2022,5,female,70-79,8758
2022,5,female,over_80,7752
2022,5,female,under_19,9680
2022,5,male,20-29,6030
2022,5,male,30-39,6694
2022,5,male,40-49,8737
2022,5,male,50-59,8547
2022,5,male,60-69,7315
2022,5,male,70-79,7511
2022,5,male,over_80,4449
2022,5,male,under_19,10174
2022,6,female,20-29,5780
2022,6,female,30-39,6437
2022,6,female,40-49,8434
2022,6,female,50-59,8437
2022,6,female,60-69,7572
2022,6,female,70-79,8762
2022,6,female,over_80,7758
2022,6,female,under_19,9663
2022,6,male,20-29,6030
2022,6,male,30-39,6682
2022,6,male,40-49,8715
2022,6,male,50-59,8569
2022,6,male,60-69,7307
2022,6,male,70-79,7514
2022,6,male,over_80,4455
2022,6,male,under_19,10157
2022,7,female,20-29,5780
2022,7,female,30-39,6427
2022,7,female,40-49,8422
2022,7,female,50-59,8464
2022,7,female,60-69,7562
2022,7,female,70-79,8764
2022,7,female,over_80,7767
2022,7,female,under_19,9660
2022,7,male,20-29,6028
2022,7,male,30-39,6670
2022,7,male,40-49,8698
2022,7,male,50-59,8594
2022,7,male,60-69,7299
2022,7,male,70-79,7516
2022,7,male,over_80,4463
2022,7,male,under_19,10152
2022,8,female,20-29,5778
2022,8,female,30-39,6415
2022,8,female,40-49,8405
2022,8,female,50-59,8488
2022,8,female,60-69,7552
2022,8,female,70-79,8765
2022,8,female,over_80,7782
2022,8,female,under_19,9648
2022,8,male,20-29,6027
2022,8,male,30-39,6657
2022,8,male,40-49,8679
2022,8,male,50-59,8620
2022,8,male,60-69,7292
2022,8,male,70-79,7518
2022,8,male,over_80,4474
2022,8,male,under_19,10139
2022,9,female,20-29,5769
2022,9,female,30-39,6395
2022,9,female,40-49,8374
2022,9,female,50-59,8507
2022,9,female,60-69,7542
2022,9,female,70-79,8763
2022,9,female,over_80,7792
2022,9,female,under_19,9615
2022,9,male,20-29,6020
2022,9,male,30-39,6640
2022,9,male,40-49,8656
2022,9,male,50-59,8644
2022,9,male,60-69,7284
2022,9,male,70-79,7517
2022,9,male,over_80,4480
2022,9,male,under_19,10107
2022,10,female,20-29,5760
2022,10,female,30-39,6381
2022,10,female,40-49,8354
2022,10,female,50-59,8527
2022,10,female,60-69,7533
2022,10,female,70-79,8761
2022,10,female,over_80,7804
2022,10,female,under_19,9597
2022,10,male,20-29,6015
2022,10,male,30-39,6627
2022,10,male,40-49,8635
2022,10,male,50-59,8665
2022,10,male,60-69,7278
2022,10,male,70-79,7517
2022,10,male,over_80,4488
2022,10,male,under_19,10088
2022,11,female,20-29,5757
2022,11,female,30-39,6368
2022,11,female,40-49,8333
2022,11,female,50-59,8547
2022,11,female,60-69,7524
2022,11,female,70-79,8760
2022,11,female,over_80,7815
2022,11,female,under_19,9583
2022,11,male,20-29,6013
2022,11,male,30-39,6616
2022,11,male,40-49,8613
2022,11,male,50-59,8685
2022,11,male,60-69,7270
2022,11,male,70-79,7516
2022,11,male,over_80,4498
2022,11,male,under_19,10074
2022,12,female,20-29,5754
2022,12,female,30-39,6357
2022,12,female,40-49,8313
2022,12,female,50-59,8563
2022,12,female,60-69,7515
2022,12,female,70-79,8756
2022,12,female,over_80,7823
2022,12,female,under_19,9570
2022,12,male,20-29,6011
2022,12,male,30-39,6606
2022,12,male,40-49,8594
2022,12,male,50-59,8704
2022,12,male,60-69,7261
2022,12,male,70-79,7511
2022,12,male,over_80,4504
2022,12,male,under_19,10060
2023,1,female,20-29,5762
2023,1,female,30-39,6352
2023,1,female,40-49,8301
2023,1,female,50-59,8588
2023,1,female,60-69,7510
2023,1,female,70-79,8755
2023,1,female,over_80,7813
2023,1,female,under_19,9568
2023,1,male,20-29,6016
2023,1,male,30-39,6601
2023,1,male,40-49,8579
2023,1,male,50-59,8730
2023,1,male,60-69,7258
2023,1,male,70-79,7509
2023,1,male,over_80,4498
2023,1,male,under_19,10055
2023,2,female,20-29,5755
2023,2,female,30-39,6334
2023,2,female,40-49,8266
2023,2,female,50-59,8588
2023,2,female,60-69,7491
2023,2,female,70-79,8747
2023,2,female,over_80,7838
2023,2,female,under_19,9540
2023,2,male,20-29,6009
2023,2,male,30-39,6582
2023,2,male,40-49,8546
2023,2,male,50-59,8733
2023,2,male,60-69,7243
2023,2,male,70-79,7505
2023,2,male,over_80,4516
2023,2,male,under_19,10026
2023,3,female,20-29,5751
2023,3,female,30-39,6322
2023,3,female,40-49,8240
2023,3,female,50-59,8596
2023,3,female,60-69,7482
2023,3,female,70-79,8742
2023,3,female,over_80,7858
2023,3,female,under_19,9525
2023,3,male,20-29,6007
2023,3,male,30-39,6570
2023,3,male,40-49,8520
2023,3,male,50-59,8740
2023,3,male,60-69,7234
2023,3,male,70-79,7502
2023,3,male,over_80,4531
2023,3,male,under_19,10010
2023,4,female,20-29,5747
2023,4,female,30-39,6311
2023,4,female,40-49,8219
2023,4,female,50-59,8609
2023,4,female,60-69,7473
2023,4,female,70-79,8733
2023,4,female,over_80,7884
2023,4,female,under_19,9514
2023,4,male,20-29,6004
2023,4,male,30-39,6558
2023,4,male,40-49,8497
2023,4,male,50-59,8755
2023,4,male,60-69,7227
2023,4,male,70-79,7499
2023,4,male,over_80,4550
2023,4,male,under_19,9999
2023,5,female,20-29,5743
2023,5,female,30-39,6297
2023,5,female,40-49,8193
2023,5,female,50-59,8621
2023,5,female,60-69,7470
2023,5,female,70-79,8731
2023,5,female,over_80,7898
2023,5,female,under_19,9495
2023,5,male,20-29,6000
2023,5,male,30-39,6544
2023,5,male,40-49,8472
2023,5,male,50-59,8770
2023,5,male,60-69,7227
2023,5,male,70-79,7499
2023,5,male,over_80,4561
2023,5,male,under_19,9978
2023,6,female,20-29,5742
2023,6,female,30-39,6284
2023,6,female,40-49,8172
2023,6,female,50-59,8642
2023,6,female,60-69,7468
2023,6,female,70-79,8734
2023,6,female,over_80,7903
2023,6,female,under_19,9481
2023,6,male,20-29,6000
2023,6,male,30-39,6532
2023,6,male,40-49,8448
2023,6,male,50-59,8791
2023,6,male,60-69,7225
2023,6,male,70-79,7501
2023,6,male,over_80,4565
2023,6,male,under_19,9963
2023,7,female,20-29,5741
2023,7,female,30-39,6275
2023,7,female,40-49,8158
2023,7,female,50-59,8667
2023,7,female,60-69,7464
2023,7,female,70-79,8735
2023,7,female,over_80,7909
2023,7,female,under_19,9479
2023,7,male,20-29,5999
2023,7,male,30-39,6521
2023,7,male,40-49,8427
2023,7,male,50-59,8814
2023,7,male,60-69,7223
2023,7,male,70-79,7502
2023,7,male,over_80,4569
2023,7,male,under_19,9959
2023,8,female,20-29,5741
2023,8,female,30-39,6262
2023,8,female,40-49,8138
2023,8,female,50-59,8691
2023,8,female,60-69,7458
2023,8,female,70-79,8734
2023,8,female,over_80,7922
2023,8,female,under_19,9466
2023,8,male,20-29,5997
2023,8,male,30-39,6509
2023,8,male,40-49,8406
2023,8,male,50-59,8840
2023,8,male,60-69,7219
2023,8,male,70-79,7502
2023,8,male,over_80,4579
2023,8,male,under_19,9945
2023,9,female,20-29,5730
2023,9,female,30-39,6244
2023,9,female,40-49,8104
2023,9,female,50-59,8708
2023,9,female,60-69,7451
2023,9,female,70-79,8726
2023,9,female,over_80,7937
2023,9,female,under_19,9431
2023,9,male,20-29,5989
2023,9,male,30-39,6495
2023,9,male,40-49,8381
2023,9,male,50-59,8861
2023,9,male,60-69,7215
2023,9,male,70-79,7496
2023,9,male,over_80,4592
2023,9,male,under_19,9911
2023,10,female,20-29,5720
2023,10,female,30-39,6232
2023,10,female,40-49,8082
2023,10,female,50-59,8726
2023,10,female,60-69,7448
2023,10,female,70-79,8715
2023,10,female,over_80,7956
2023,10,female,under_19,9414
2023,10,male,20-29,5983
2023,10,male,30-39,6481
2023,10,male,40-49,8362
2023,10,male,50-59,8883
2023,10,male,60-69,7215
2023,10,male,70-79,7486
2023,10,male,over_80,4603
2023,10,male,under_19,9890
